subject_id,site_id,followup_days,treatment_group,age_years,weight_kg,karnofsky_score,prior_opportunistic_infection,prior_treatment,previous_antiviral,race_code,gender_code,symptom_status,treatment_status,off_treatment,cd4_baseline,cd4_20weeks,cd8_baseline,cd8_20weeks
SUB001,SITE001,948,2,48,89.8128,100,0,1,0,0,0,0,1,0,422,477,566,324
SUB002,SITE001,1002,3,61,49.4424,90,0,1,895,0,0,0,1,0,162,218,392,564
SUB003,SITE001,961,3,45,88.452,90,0,1,707,0,1,0,1,1,326,274,2063,1893
SUB004,SITE001,1166,3,47,85.2768,100,0,1,1399,0,1,0,1,0,287,394,1590,966
SUB005,SITE001,1090,0,43,66.6792,100,0,1,1352,0,1,0,0,0,504,353,870,782
SUB006,SITE001,1181,1,46,88.9056,100,0,1,1181,0,1,0,1,0,235,339,860,1060
SUB007,SITE001,794,0,31,73.0296,100,0,1,930,0,1,0,0,0,244,225,708,699
SUB008,SITE001,957,0,41,66.2256,100,0,1,1329,0,1,0,0,0,401,366,889,720
SUB009,SITE001,198,3,40,82.5552,90,0,1,1074,0,1,1,1,1,214,107,652,131
SUB010,SITE001,188,0,35,78.0192,100,0,1,964,0,1,0,0,1,221,132,221,759
SUB011,SITE001,1073,2,34,95.256,100,0,1,897,1,0,0,1,0,471,468,770,620
SUB012,SITE001,1175,3,38,76.4316,100,0,1,461,0,1,0,1,0,340,230,660,510
SUB013,SITE001,1203,2,25,68.04,90,0,1,852,0,1,0,1,0,540,590,1590,1330
SUB014,SITE001,1065,1,34,62.8236,90,0,1,342,0,1,0,1,1,212,190,1094,1180
SUB015,SITE001,357,2,49,79.38,90,0,1,402,0,1,0,1,1,120,140,800,1090
SUB016,SITE001,308,0,40,83.0088,100,0,1,974,0,1,1,0,0,150,90,1730,1160
SUB017,SITE001,1062,0,27,67.3,90,0,1,875,0,0,0,0,0,350,440,750,990
SUB018,SITE001,1069,2,46,63.8,100,0,1,881,0,1,0,1,1,330,320,820,630
SUB019,SITE001,878,1,47,94,100,0,1,1421,0,1,0,1,1,180,200,710,830
SUB020,SITE001,1119,2,34,60.3288,100,0,1,854,1,0,0,1,0,233,240,1462,1170
SUB021,SITE001,1154,3,40,58.0608,100,0,1,1053,0,1,0,1,0,320,300,830,620
SUB022,SITE001,1231,2,39,67.1328,100,0,1,1057,0,0,0,1,0,470,590,950,930
SUB023,SITE001,588,1,30,64.5,90,0,1,837,0,1,1,1,1,360,90,1490,550
SUB024,SITE001,1182,3,44,75,100,0,1,729,0,1,0,1,0,400,380,990,910
SUB025,SITE001,644,3,38,62.9,100,0,1,635,0,0,0,1,0,344,210,735,690
SUB026,SITE001,486,1,39,75,100,0,1,918,0,1,0,1,0,421,461,1158,1589
SUB027,SITE001,1066,2,35,81.3,100,0,1,882,0,1,0,1,1,227,288,1115,605
SUB028,SITE001,1192,0,28,70,100,0,1,886,0,1,0,0,0,357,314,1994,1000
SUB029,SITE001,227,0,33,64.1,100,0,1,1306,0,1,0,0,0,486,287,2400,2265
SUB030,SITE001,318,3,40,55.566,100,0,1,406,1,0,0,1,0,238,193,1311,1069
SUB031,SITE001,1093,2,36,81.6,100,0,1,86,0,1,1,1,1,236,290,634,711
SUB032,SITE001,1119,2,40,70,100,0,1,0,0,0,1,1,1,407,348,1048,1039
SUB033,SITE001,434,3,34,69.6,80,0,1,281,0,1,0,1,0,257,339,1063,546
SUB034,SITE001,1206,3,37,73,100,0,1,0,1,0,0,1,0,342,293,1459,1646
SUB035,SITE001,477,1,30,50.8,100,0,1,0,0,0,0,1,1,444,468,872,803
SUB036,SITE001,1074,1,38,87,90,0,1,67,0,1,1,1,1,496,465,2127,2753
SUB037,SITE001,1065,1,45,82.7,100,0,1,0,0,1,0,1,0,370,373,739,606
SUB038,SITE001,779,2,29,62.6,100,0,1,635,0,1,1,1,0,186,144,1962,818
SUB039,SITE001,1159,1,48,72.6,100,0,1,0,0,1,0,1,0,386,435,918,761
SUB040,SITE001,813,0,34,72.9,100,0,1,16,0,1,1,0,1,332,254,1571,1698
SUB041,SITE001,1087,3,27,87,100,0,1,0,0,1,0,1,1,422,540,1056,1193
SUB042,SITE001,1014,3,37,69,100,0,1,0,0,1,1,1,0,393,340,923,605
SUB043,SITE001,1020,1,35,61.4,100,0,1,0,0,0,1,1,1,266,350,462,378
SUB044,SITE001,1139,1,49,87.2,100,0,1,853,0,1,0,1,0,454,284,1093,568
SUB045,SITE001,1145,0,34,75.7,100,0,1,1379,0,1,0,0,0,416,426,991,1017
SUB046,SITE001,1129,1,33,77.8,100,0,1,512,0,1,0,1,0,293,294,1233,882
SUB047,SITE001,391,1,43,102.7,90,0,1,672,0,1,1,1,1,224,101,1684,988
SUB048,SITE001,1002,1,30,63.3,100,0,1,0,0,1,1,1,0,331,360,691,547
SUB049,SITE001,232,1,24,67.7,90,0,1,0,0,1,0,1,0,253,114,729,559
SUB050,SITE001,987,3,67,71,100,0,1,0,0,1,1,1,0,307,376,975,931
SUB051,SITE001,1096,2,31,74.5,100,0,1,776,0,1,0,1,0,364,353,1371,1638
SUB052,SITE001,962,1,43,61.6,90,0,1,90,0,0,1,1,1,340,430,500,522
SUB053,SITE001,1089,3,39,77.5,80,0,1,35,0,1,0,1,0,293,260,730,604
SUB054,SITE001,1068,1,37,79.4,100,0,1,0,0,1,1,1,0,227,281,1285,827
SUB055,SITE001,1056,1,25,75.13802,90,0,1,0,0,1,0,1,0,601,709,1099,1073
SUB056,SITE001,998,1,50,88.9056,100,0,1,0,0,1,0,1,0,483,729,1208,1742
SUB057,SITE001,996,2,32,74.1636,100,0,1,0,0,1,0,1,0,470,416,940,818
SUB058,SITE001,995,1,40,74.48112,100,0,1,0,0,1,1,1,0,256,307,658,667
SUB059,SITE001,977,3,30,78.4728,100,0,1,0,0,1,0,1,0,389,355,654,397
SUB060,SITE001,727,1,26,92.62512,100,0,1,0,0,0,0,1,1,421,546,337,341
SUB061,SITE001,975,2,47,87.9984,95,0,1,0,0,1,0,1,0,204,494,936,869
SUB062,SITE001,958,3,29,72.8028,100,0,1,744,0,0,0,1,0,251,212,382,388
SUB063,SITE001,367,2,36,53.298,90,0,1,213,1,0,0,1,1,211,270,562,1283
SUB064,SITE001,513,1,29,100.2456,100,0,1,0,0,1,0,1,1,199,396,922,2014
SUB065,SITE001,575,1,29,85.7304,100,0,1,0,0,1,1,1,0,158,302,725,1104
SUB066,SITE001,950,1,35,81.8748,90,0,1,0,1,1,0,1,0,209,569,1849,1947
SUB067,SITE001,802,2,33,70.62552,90,0,1,0,1,1,1,1,1,245,386,618,907
SUB068,SITE001,948,3,28,66.6792,100,0,1,0,0,1,0,1,0,499,605,447,682
SUB069,SITE001,950,2,27,80.15112,90,0,1,0,0,1,0,1,0,505,604,1964,1560
SUB070,SITE001,367,2,54,71.2,70,0,1,685,0,1,0,1,1,260,270,1830,1360
SUB071,SITE001,1073,0,41,81.6,90,0,1,784,0,1,0,0,1,210,210,810,710
SUB072,SITE001,811,3,36,85.5,95,0,1,1182,0,1,1,1,1,360,210,680,530
SUB073,SITE001,853,2,33,78.6,90,1,1,460,0,1,0,1,0,250,340,850,570
SUB074,SITE001,1223,1,35,64,90,0,1,28,0,1,1,1,0,410,510,990,1060
SUB075,SITE001,1214,0,48,75.30355,100,0,1,163,1,1,0,0,0,430,390,1370,1780
SUB076,SITE001,1064,2,28,75.5,100,0,1,0,0,1,0,1,1,400,480,1250,1420
SUB077,SITE001,812,3,35,72.7,90,0,1,61,0,1,0,1,1,420,390,1320,1310
SUB078,SITE001,771,2,25,71.3,100,0,1,0,0,1,0,1,1,310,400,610,630
SUB079,SITE001,1230,3,36,99.792,90,0,1,477,1,1,0,1,0,510,450,1800,1100
SUB080,SITE001,1089,3,42,70.4,90,0,1,560,1,1,0,1,0,540,620,1870,1610
SUB081,SITE001,1127,0,33,104,90,0,1,1739,0,0,0,0,1,770,420,520,490
SUB082,SITE001,1083,2,36,52,90,0,1,667,1,0,0,1,0,430,300,1160,990
SUB083,SITE001,1134,2,39,54.5,100,0,1,1057,0,0,1,1,1,350,310,1270,1140
SUB084,SITE001,1138,2,28,58.6,100,0,1,890,0,1,0,1,0,470,590,1080,1090
SUB085,SITE001,1195,0,20,67,100,0,1,0,1,0,0,0,0,300,300,1310,1220
SUB086,SITE001,1185,0,27,80,100,0,1,1477,1,1,0,0,0,490,380,2040,1590
SUB087,SITE001,1085,2,39,61,80,0,1,166,0,0,0,1,1,210,290,940,1100
SUB088,SITE001,330,0,37,90.5,90,0,1,0,1,1,0,0,1,290,250,1200,1020
SUB089,SITE001,217,1,27,60.3,90,0,1,872,0,1,0,1,1,260,210,1480,1310
SUB090,SITE001,1137,0,31,72.5,90,0,1,54,1,1,0,0,0,420,400,400,420
SUB091,SITE001,1072,2,27,79.2,90,0,1,0,0,1,1,1,0,320,270,1020,700
SUB092,SITE001,1138,2,37,69,90,0,1,619,0,1,0,1,0,360,450,710,840
SUB093,SITE001,820,1,40,78.5,90,0,1,688,1,1,0,1,1,280,280,1130,910
SUB094,SITE001,1122,3,20,82.5,100,0,1,0,1,1,0,1,0,300,290,590,550
SUB095,SITE001,1104,2,31,73,90,0,1,189,1,0,1,1,0,240,220,1110,1090
SUB096,SITE001,1074,2,36,63.5,90,0,1,0,1,1,0,1,0,270,230,1690,1180
SUB097,SITE001,1039,0,37,67.5,90,0,1,0,1,0,1,0,0,360,400,780,690
SUB098,SITE001,813,0,22,69,100,0,1,0,1,0,0,0,0,530,550,1070,850
SUB099,SITE001,561,0,34,86.6376,100,0,1,0,0,1,0,0,1,168,174,605,640
SUB100,SITE001,877,1,33,83.4624,100,0,1,306,0,1,0,1,0,272,257,842,758
SUB101,SITE001,1180,3,36,77.112,100,0,1,174,0,1,0,1,0,383,469,1430,1797
SUB102,SITE001,1209,2,41,79.8336,100,0,1,348,0,1,0,1,0,340,296,903,874
SUB103,SITE001,650,1,28,63.2772,90,0,1,0,0,1,0,1,0,319,402,1642,1230
SUB104,SITE001,1195,3,47,79.38,100,0,1,585,0,1,0,1,0,444,383,1806,1778
SUB105,SITE001,1101,0,70,73.9368,100,0,1,674,0,1,0,0,0,429,353,1121,1034
SUB106,SITE001,1195,3,27,72.576,100,0,1,0,0,1,0,1,0,287,397,958,1137
SUB107,SITE001,684,0,42,86.184,100,0,1,0,0,1,1,0,1,149,248,696,990
SUB108,SITE001,973,1,37,65.772,100,0,1,0,0,0,0,1,1,477,512,1081,1151
SUB109,SITE001,1187,0,30,74.844,100,0,1,624,0,1,0,0,0,441,559,583,590
SUB110,SITE001,1185,1,40,91.6272,100,0,1,0,0,1,1,1,0,255,486,486,729
SUB111,SITE001,1185,3,35,78.9264,100,0,1,475,0,1,0,1,0,392,327,735,624
SUB112,SITE001,1187,2,36,78.0192,100,0,1,0,0,1,0,1,0,260,364,851,762
SUB113,SITE001,1164,1,37,86.184,100,0,1,0,0,1,0,1,0,559,554,1410,1156
SUB114,SITE001,1160,3,37,83.0088,100,0,1,0,0,1,1,1,0,339,328,559,485
SUB115,SITE001,1164,2,27,75.7512,95,0,1,68,1,0,0,1,0,455,501,721,726
SUB116,SITE001,1044,2,45,66.2256,90,0,1,0,0,1,0,1,1,429,592,636,698
SUB117,SITE001,1145,3,32,84.8232,100,0,1,130,0,1,0,1,0,520,571,749,605
SUB118,SITE001,241,0,29,82.5552,100,0,1,621,0,1,0,0,1,374,314,796,847
SUB119,SITE001,1112,0,40,55.3392,100,0,1,486,1,0,0,0,0,338,312,1664,1191
SUB120,SITE001,729,0,47,72.1224,100,0,1,0,0,1,0,0,0,467,399,1374,1220
SUB121,SITE001,1082,2,31,44.226,90,0,1,0,0,0,1,1,0,642,528,1041,873
SUB122,SITE001,1032,2,50,78.9264,100,0,1,0,0,1,0,1,1,251,166,2326,1146
SUB123,SITE001,1089,1,34,83.916,100,0,1,0,1,1,0,1,0,376,681,1129,1362
SUB124,SITE001,1049,3,41,92.988,100,0,1,0,0,1,0,1,0,444,483,658,693
SUB125,SITE001,551,3,24,58.5144,100,0,1,0,0,1,1,1,1,342,435,525,390
SUB126,SITE001,999,0,39,84.3696,100,0,1,0,0,1,0,0,0,459,619,1398,1287
SUB127,SITE001,1117,1,41,111,90,0,1,384,0,1,0,1,0,470,394,1528,910
SUB128,SITE001,1211,3,28,84.3696,90,0,1,7,0,1,0,1,0,360,290,1130,700
SUB129,SITE001,460,1,29,86.184,100,0,1,0,0,1,0,1,1,320,380,830,1090
SUB130,SITE001,882,1,42,57.6072,100,0,1,39,0,1,0,1,1,290,250,1270,1050
SUB131,SITE001,1066,2,30,88.452,100,0,1,265,0,1,0,1,0,370,300,1500,1020
SUB132,SITE001,1160,0,27,66.2256,100,0,1,0,0,1,0,0,0,420,410,990,1070
SUB133,SITE001,1071,2,33,62.8236,100,0,1,1700,0,1,0,1,1,240,1100,810,1440
SUB134,SITE001,1105,1,44,69.4008,100,0,1,105,0,1,0,1,1,240,200,680,600
SUB135,SITE001,1110,2,48,78.4728,100,0,1,975,0,1,0,1,0,460,520,1560,1520
SUB136,SITE001,980,1,37,64.4112,100,0,1,394,0,1,0,1,0,310,280,840,530
SUB137,SITE001,1071,3,43,82.5552,100,0,1,330,0,1,0,1,1,230,200,1550,1200
SUB138,SITE001,1146,2,50,77.5656,100,0,1,0,0,1,0,1,0,380,510,1040,1020
SUB139,SITE001,1133,0,28,68.4936,100,0,1,0,0,1,0,0,0,280,350,440,490
SUB140,SITE001,739,1,26,80.514,100,0,1,495,0,1,0,1,0,250,300,570,660
SUB141,SITE001,1047,0,27,76.2048,100,0,1,0,0,1,0,0,1,440,630,460,710
SUB142,SITE001,812,1,49,88.452,90,0,1,203,0,1,1,1,1,220,280,520,730
SUB143,SITE001,959,1,28,71.1,100,0,1,387,0,0,0,1,1,220,490,330,570
SUB144,SITE001,974,3,30,77.112,100,0,1,0,0,1,0,1,1,320,340,850,580
SUB145,SITE001,1028,1,25,63.504,90,0,1,44,0,0,0,1,0,650,490,1510,890
SUB146,SITE001,1057,2,37,87.5448,100,0,1,0,0,0,0,1,0,330,480,1130,1050
SUB147,SITE001,980,3,42,109.5,95,0,1,0,1,1,0,1,0,320,440,1140,1630
SUB148,SITE001,1023,2,39,75.7,100,0,1,159,0,1,0,1,1,431,283,647,407
SUB149,SITE001,1160,3,30,61,100,0,1,53,1,1,0,1,0,297,495,1971,2474
SUB150,SITE001,904,1,25,74.844,90,0,1,0,0,1,1,1,1,317,412,1074,928
SUB151,SITE001,1157,2,41,63.4,90,0,1,0,0,1,0,1,0,235,251,1490,920
SUB152,SITE001,1160,1,24,71,100,0,1,0,0,0,0,1,0,439,428,2069,1305
SUB153,SITE001,1077,0,29,79.8,90,0,1,0,0,1,0,0,0,456,388,1718,1143
SUB154,SITE001,994,3,31,79.2,100,0,1,0,0,1,1,1,0,504,721,857,1014
SUB155,SITE001,1014,3,27,66.5,90,0,1,0,0,1,0,1,1,148,129,289,297
SUB156,SITE001,948,2,30,69.1,100,0,1,444,0,1,0,1,0,218,272,914,1135
SUB157,SITE001,1023,2,35,71.85024,90,0,1,66,0,1,0,1,1,385,517,862,923
SUB158,SITE001,1153,3,37,77.5,100,0,1,953,0,1,0,1,0,422,469,991,847
SUB159,SITE001,1073,3,27,91.6,100,0,1,153,0,1,0,1,1,229,288,866,996
SUB160,SITE001,1146,0,36,64.4,100,0,1,0,0,1,0,0,0,423,597,1000,1125
SUB161,SITE001,1081,2,40,78,90,0,1,511,0,1,1,1,1,228,341,520,737
SUB162,SITE001,643,0,23,55.566,90,0,1,431,0,1,0,0,0,265,549,680,784
SUB163,SITE001,981,0,41,89.9,100,0,1,1500,0,1,0,0,0,209,251,738,1573
SUB164,SITE001,1077,0,28,75.30355,100,0,1,977,0,1,0,0,1,298,461,618,799
SUB165,SITE001,563,1,28,75,90,0,1,1034,0,1,0,1,1,545,366,1279,549
SUB166,SITE001,1140,3,34,103.2,100,0,1,537,1,1,0,1,0,345,414,1010,795
SUB167,SITE001,628,1,32,90.5,90,0,1,0,0,1,0,1,1,166,272,624,935
SUB168,SITE001,1068,1,42,76.5,100,0,1,0,0,1,0,1,0,453,1119,600,714
SUB169,SITE001,731,0,43,72.7,90,1,1,807,0,1,0,0,0,262,263,1348,1415
SUB170,SITE001,1132,1,22,75.5,100,0,1,283,1,1,0,1,0,315,119,772,703
SUB171,SITE001,483,0,65,77.2,90,0,1,0,0,1,0,0,0,323,412,1351,1338
SUB172,SITE001,668,2,29,70.8,90,0,1,977,0,1,1,1,1,517,303,1808,550
SUB173,SITE001,1119,2,31,85,90,0,1,65,1,1,0,1,0,328,706,698,1129
SUB174,SITE001,1117,3,42,82.7,90,0,1,827,0,1,0,1,0,380,327,926,772
SUB175,SITE001,1119,3,34,105.6888,90,0,1,0,0,1,1,1,0,427,606,577,659
SUB176,SITE001,981,3,45,72.7,80,0,1,76,1,1,1,1,1,251,247,1070,1129
SUB177,SITE001,1116,0,35,80.5,90,0,1,0,0,1,0,0,0,427,386,592,440
SUB178,SITE001,880,0,30,75.5,90,0,1,0,1,1,1,0,1,280,208,1003,943
SUB179,SITE001,1109,0,34,65.5,100,0,1,0,0,1,0,0,0,501,158,1276,967
SUB180,SITE001,1016,3,50,72.576,90,0,1,0,0,1,1,1,1,356,504,1045,1148
SUB181,SITE001,1074,0,38,70.6,100,0,1,0,1,1,0,0,0,383,421,1627,1909
SUB182,SITE001,1091,1,29,97.9,100,0,1,475,1,1,0,1,0,415,305,968,769
SUB183,SITE001,930,2,35,65.7,100,0,1,1725,0,1,0,1,0,470,652,1970,1729
SUB184,SITE001,1059,3,54,80.7408,90,0,1,588,0,1,0,1,0,368,338,410,455
SUB185,SITE001,947,3,32,74.3904,100,0,1,1160,0,1,0,1,0,548,526,379,403
SUB186,SITE001,767,0,45,69,90,0,1,1423,0,1,0,0,0,334,344,2079,1905
SUB187,SITE001,1088,3,37,63.2,100,0,1,980,0,1,0,1,0,202,231,893,1107
SUB188,SITE001,977,1,37,64.8,100,0,1,443,1,1,0,1,0,315,312,1573,1462
SUB189,SITE001,238,2,35,65.3184,100,0,1,0,0,1,1,1,1,187,201,396,485
SUB190,SITE001,983,3,39,71.4,100,0,1,0,0,1,0,1,0,452,589,707,873
SUB191,SITE001,159,0,37,85.7304,100,0,1,0,0,1,0,0,1,415,183,1659,1282
SUB192,SITE001,1020,2,30,78.9264,100,0,1,0,1,0,0,1,1,481,455,1083,1661
SUB193,SITE001,982,0,35,74.3904,90,0,1,175,1,1,0,0,1,446,336,1711,1131
SUB194,SITE001,230,2,30,85.2768,90,0,1,325,1,1,0,1,1,246,269,846,672
SUB195,SITE001,137,0,37,69.8544,90,0,1,383,1,1,1,0,0,209,117,1111,749
SUB196,SITE001,1087,1,34,67.1328,100,0,1,448,1,1,0,1,0,312,348,1584,1254
SUB197,SITE001,885,2,36,75.13802,90,0,1,602,1,1,0,1,1,358,326,1622,1302
SUB198,SITE001,1088,3,50,117.936,90,0,1,22,0,1,0,1,0,395,440,835,847
SUB199,SITE001,863,3,31,76,90,0,1,348,0,1,0,1,0,286,464,958,1246
SUB200,SITE001,1091,1,44,71,90,0,1,110,0,1,0,1,0,313,457,845,855
SUB201,SITE001,55,0,38,69.5,100,1,1,113,1,1,0,0,0,375,179,986,611
SUB202,SITE001,1088,1,51,87.2,90,0,1,113,1,1,0,1,0,336,325,1167,1168
SUB203,SITE001,1069,1,27,74.844,100,0,1,0,0,1,0,1,0,337,411,703,893
SUB204,SITE001,735,2,33,79.1532,100,0,1,0,0,1,0,1,1,587,612,1264,1201
SUB205,SITE001,1047,0,39,71.442,100,0,1,0,1,1,0,0,0,220,182,1672,1558
SUB206,SITE001,1034,3,25,75.2976,100,0,1,0,0,1,0,1,0,411,524,496,551
SUB207,SITE001,1028,0,40,89.8128,100,0,1,0,0,1,0,0,0,329,600,778,1488
SUB208,SITE001,1027,2,40,78.9264,100,0,1,0,1,1,0,1,0,304,436,486,515
SUB209,SITE001,1014,0,30,87.5448,100,0,1,0,0,1,0,0,0,346,470,781,823
SUB210,SITE001,581,1,30,67.3596,100,0,1,0,0,1,1,1,0,311,536,633,768
SUB211,SITE001,1006,2,38,78.0192,100,0,1,0,1,1,0,1,0,453,250,787,213
SUB212,SITE001,778,2,43,73.9368,100,0,1,830,1,0,0,1,0,319,208,1101,564
SUB213,SITE001,321,3,29,70.5,100,0,1,0,0,1,0,1,1,290,486,682,729
SUB214,SITE001,958,2,33,70.7616,95,0,1,0,0,1,0,1,0,203,243,851,972
SUB215,SITE001,644,0,28,115.2144,100,0,1,91,1,0,1,0,1,194,195,721,765
SUB216,SITE001,1090,2,33,71.4,100,0,1,1645,0,1,0,1,0,352,417,983,1157
SUB217,SITE001,1027,1,45,67.1,100,0,1,1480,1,1,0,1,0,350,359,468,659
SUB218,SITE001,985,1,60,51.6,100,0,1,1472,1,0,0,1,1,350,523,1087,1727
SUB219,SITE001,1098,3,29,83,100,0,1,0,0,1,0,1,0,304,436,801,678
SUB220,SITE001,1034,3,34,70,100,0,1,488,0,1,0,1,0,230,301,334,490
SUB221,SITE001,910,1,31,70.9,100,0,1,0,1,1,0,1,0,239,208,1265,1043
SUB222,SITE001,1090,0,32,70,100,0,1,1598,0,1,0,0,0,375,306,565,528
SUB223,SITE001,779,1,33,72,100,0,1,0,0,1,0,1,1,366,473,906,822
SUB224,SITE001,941,3,46,77.112,100,0,1,760,1,0,0,1,1,324,401,356,380
SUB225,SITE001,1094,2,40,81.648,100,0,1,1051,0,1,0,1,0,468,541,936,902
SUB226,SITE001,1139,0,38,79,100,1,1,507,0,1,0,0,0,265,226,597,642
SUB227,SITE001,1145,1,43,73.0296,80,1,1,432,1,1,1,1,0,259,277,1038,980
SUB228,SITE001,1069,2,35,96.1632,100,0,1,1096,0,1,0,1,1,452,547,1269,970
SUB229,SITE001,766,3,42,74.3904,90,0,1,537,0,1,0,1,1,702,503,965,1181
SUB230,SITE001,392,3,59,72.576,100,0,1,525,0,1,0,1,1,324,221,531,490
SUB231,SITE001,1087,2,39,86.184,90,0,1,542,1,1,1,1,0,453,587,1560,1506
SUB232,SITE001,1027,2,36,75.2976,100,0,1,910,1,1,1,1,1,375,426,795,638
SUB233,SITE001,1012,0,32,69.4008,90,0,1,567,1,1,1,0,1,359,390,816,1170
SUB234,SITE001,736,0,39,80.2872,90,0,1,626,0,1,1,0,0,236,201,735,545
SUB235,SITE001,243,1,37,78.0192,100,1,1,820,0,1,1,1,1,218,197,1070,1023
SUB236,SITE001,1117,2,55,78.0192,90,1,1,852,0,1,0,1,0,547,369,1610,1873
SUB237,SITE001,1087,1,37,57.6072,90,1,1,698,1,0,0,1,0,144,176,564,680
SUB238,SITE001,975,2,48,72.1224,80,0,1,0,0,1,0,1,1,305,294,828,656
SUB239,SITE001,1133,1,30,59.4216,80,0,1,617,1,0,0,1,0,372,559,688,1398
SUB240,SITE001,1126,2,59,87.9984,80,0,1,283,0,1,0,1,0,402,210,670,447
SUB241,SITE001,318,3,27,85.7304,90,0,1,21,1,1,0,1,1,236,162,832,810
SUB242,SITE001,1001,0,41,73.4832,100,0,1,578,0,1,0,0,1,236,244,1523,1780
SUB243,SITE001,1104,0,38,79.38,90,0,1,768,0,1,0,0,0,369,400,612,816
SUB244,SITE001,1032,1,40,75.7512,90,0,1,0,0,1,0,1,0,308,487,868,1104
SUB245,SITE001,1013,3,40,79.8336,100,0,1,615,1,0,0,1,0,638,706,654,772
SUB246,SITE001,243,0,50,78.4728,100,0,1,935,0,1,0,0,1,312,309,1146,1186
SUB247,SITE001,626,1,45,74.5,100,0,1,1492,0,1,0,1,1,236,204,1080,1121
SUB248,SITE001,1202,3,47,64.4112,90,0,1,881,0,1,0,1,0,244,343,1629,1809
SUB249,SITE001,1167,0,49,100,90,0,1,1500,0,1,0,0,0,428,349,500,449
SUB250,SITE001,1104,1,46,66.6792,100,0,1,1589,0,1,1,1,0,319,305,1475,894
SUB251,SITE001,1209,1,28,68.9472,100,0,1,851,0,1,0,1,0,231,278,609,411
SUB252,SITE001,1231,2,36,72.5,100,0,1,1418,0,1,0,1,0,486,464,986,967
SUB253,SITE001,817,2,31,83,100,0,1,0,0,1,0,1,1,663,696,1109,1242
SUB254,SITE001,1115,2,63,73.4832,100,0,1,0,0,1,0,1,0,498,375.4478,1365,1287
SUB255,SITE001,1125,2,43,74.3904,100,0,1,631,0,1,0,1,0,303,251,488,442
SUB256,SITE001,986,1,37,67.5,100,0,1,1279,0,1,0,1,0,243,335,699,688
SUB257,SITE001,1152,2,63,74.3904,100,0,1,923,0,1,0,1,0,397,282,1407,911
SUB258,SITE001,720,0,38,65.3184,100,0,1,250,1,0,0,0,1,195,172,566,454
SUB259,SITE001,1231,0,38,67.5,100,0,1,822,0,1,0,0,0,174,195,559,460
SUB260,SITE001,910,2,39,83,90,0,1,563,0,1,0,1,0,349,295,1316,967
SUB261,SITE001,567,3,34,80.5,100,0,1,325,0,1,0,1,0,234,515,971,1438
SUB262,SITE001,1145,1,59,87.5448,100,1,1,969,0,1,0,1,0,421,233,1671,1093
SUB263,SITE001,1087,2,36,68.04,100,0,1,0,0,1,0,1,0,442,422,1021,934
SUB264,SITE001,1176,0,44,70.5,100,0,1,0,0,1,0,0,1,247,192,1018,786
SUB265,SITE001,357,0,36,67.1328,100,0,1,608,1,1,0,0,1,275,213,1011,678
SUB266,SITE001,1187,3,28,84.3696,90,0,1,15,0,1,1,1,0,387,597,1168,960
SUB267,SITE001,1181,2,55,90,100,0,1,651,0,1,0,1,0,351,345,561,470
SUB268,SITE001,1121,3,43,72.576,100,0,1,0,0,1,0,1,1,488,744,1033,1550
SUB269,SITE001,1064,0,44,85.2768,100,0,1,733,0,1,0,0,1,416,531,735,1295
SUB270,SITE001,897,0,59,84,100,0,1,452,1,1,0,0,0,248,235,426,612
SUB271,SITE001,1165,3,28,72.5,100,0,1,0,0,1,0,1,0,381,458,1028,1073
SUB272,SITE001,1159,1,68,90.5,100,0,1,618,0,1,0,1,0,367,537,696,713
SUB273,SITE001,1152,0,29,74.6172,100,0,1,293,0,1,0,0,0,293,310,1251,958
SUB274,SITE001,1152,1,33,66,100,0,1,1240,1,1,0,1,0,285,294,1084,976
SUB275,SITE001,1062,3,33,66,100,0,1,0,0,1,0,1,0,232,355,828,804
SUB276,SITE001,1138,3,34,66.6792,100,0,1,0,0,1,0,1,0,199,395,772,1148
SUB277,SITE001,1071,0,29,49.80528,100,0,1,144,0,0,0,0,1,374,380,649,786
SUB278,SITE001,966,2,28,78.4,100,0,1,433,0,1,0,1,1,184,178,855,633
SUB279,SITE001,994,3,38,86.2,90,1,1,286,0,1,0,1,0,250,198,480,466
SUB280,SITE001,1122,3,28,85.5036,100,0,1,778,0,1,0,1,0,209,291,897,1435
SUB281,SITE001,1123,3,21,59,100,0,1,291,1,1,0,1,0,359,423,766,974
SUB282,SITE001,1004,1,22,71.6688,90,0,1,948,0,1,0,1,1,257,275,763,711
SUB283,SITE001,959,3,59,59.8752,100,0,1,872,0,1,0,1,0,394,315,1346,1337
SUB284,SITE001,988,3,35,73.0296,100,0,1,0,1,1,0,1,1,241,233,880,693
SUB285,SITE001,994,0,36,75.5,100,0,1,70,0,1,0,0,1,269,336,1516,1654
SUB286,SITE001,1089,1,48,91.1736,100,0,1,1087,0,1,0,1,0,350,541,706,1516
SUB287,SITE001,1101,0,46,87.318,100,0,1,940,0,1,1,0,0,488,456,1017,1109
SUB288,SITE001,1094,0,31,73.0296,100,0,1,181,0,1,1,0,0,269,513,1308,2056
SUB289,SITE001,966,2,25,65.3184,100,0,1,290,1,0,0,1,1,337,355,784,770
SUB290,SITE001,908,0,38,88.5,90,1,1,94,0,1,0,0,1,392,423,961,920
SUB291,SITE001,1012,2,54,71.5,100,0,1,380,0,1,0,1,0,301,323,1607,1581
SUB292,SITE001,1089,3,43,85.7304,100,0,1,630,0,1,1,1,0,434,387,1688,1257
SUB293,SITE001,314,0,54,68.4936,80,0,1,2489,1,1,0,0,1,165,184,641,813
SUB294,SITE001,881,2,40,92.0808,90,0,1,669,0,1,1,1,1,279,252,895,964
SUB295,SITE001,532,2,46,80.7408,100,0,1,936,0,1,0,1,1,255,233,554,653
SUB296,SITE001,1075,1,34,87.5448,90,0,1,0,1,1,1,1,0,305,330,608,563
SUB297,SITE001,1074,3,32,84,90,0,1,0,0,1,0,1,0,386,375.4478,664,703
SUB298,SITE001,308,1,31,79.8336,100,0,1,0,0,1,0,1,1,419,448,757,789
SUB299,SITE001,1068,0,33,71.8956,100,0,1,0,1,1,0,0,0,291,325,683,945
SUB300,SITE001,1068,3,35,77,100,0,1,0,0,1,0,1,0,293,396,338,580
SUB301,SITE001,1056,1,33,55,90,0,1,236,1,0,0,1,0,457,406,759,634
SUB302,SITE001,1052,3,33,68.6,90,0,1,906,0,0,0,1,0,260,191,1430,1389
SUB303,SITE001,1053,2,32,81.5,100,0,1,0,1,1,0,1,0,420,312,1105,656
SUB304,SITE001,1034,3,39,81.5,100,0,1,0,0,1,0,1,0,317,390,915,895
SUB305,SITE001,923,1,46,123.3792,100,0,1,0,1,1,0,1,1,380,417,677,777
SUB306,SITE001,1014,2,50,65.772,100,0,1,0,1,1,0,1,0,515,403,1396,1132
SUB307,SITE001,941,2,26,74.844,100,0,1,0,1,1,1,1,1,296,305,620,588
SUB308,SITE001,883,0,45,72.1224,70,0,1,0,1,1,1,0,1,219,276,1454,1437
SUB309,SITE001,624,1,28,75.7512,100,0,1,0,0,1,0,1,1,231,204,862,726
SUB310,SITE001,905,0,23,87,100,0,1,0,0,0,0,0,1,257,175,960,602
SUB311,SITE001,162,3,42,50.3496,90,0,1,0,1,0,0,1,1,562,418,796,704
SUB312,SITE001,997,3,42,57.8,90,0,1,161,0,0,0,1,0,131,137,207,436
SUB313,SITE001,915,0,31,71.8,100,0,1,0,0,1,0,0,1,330,376,1190,1482
SUB314,SITE001,977,1,42,91.1736,90,0,1,0,0,1,0,1,0,427,538,2021,2119
SUB315,SITE001,890,1,40,90.72,80,0,1,0,0,1,0,1,1,439,298,1468,890
SUB316,SITE001,892,2,31,71.6688,100,0,1,0,0,1,0,1,1,481,454,678,548
SUB317,SITE001,905,0,41,84.3696,100,0,1,0,0,1,0,0,1,326,270,1364,1054
SUB318,SITE001,983,1,33,78.3,100,0,1,0,1,0,1,1,0,544,563,806,650
SUB319,SITE001,977,2,27,81.648,100,0,1,0,1,1,0,1,0,349,345,604,415
SUB320,SITE001,357,2,29,111.5856,100,0,1,0,1,1,0,1,1,277,280,409,337
SUB321,SITE001,972,3,39,80.0604,100,0,1,0,0,1,0,1,0,319,357,919,771
SUB322,SITE001,881,2,21,96.6168,100,0,1,0,0,1,0,1,1,351,324,536,469
SUB323,SITE001,799,2,35,87.9984,100,0,1,0,0,1,0,1,1,262,305,1696,1301
SUB324,SITE001,334,0,30,62.5968,100,0,1,0,1,1,1,0,1,394,338,1170,1126
SUB325,SITE001,972,1,38,111.3588,100,0,1,0,0,1,0,1,0,384,384,1182,2068
SUB326,SITE001,972,1,57,63.2772,90,0,1,122,0,0,0,1,0,144,256,480,492
SUB327,SITE001,971,3,33,92.5344,100,0,1,0,1,1,0,1,0,617,710,935,1009
SUB328,SITE001,958,1,38,85.7304,100,0,1,0,0,1,0,1,0,407,529,952,1101
SUB329,SITE001,532,0,44,82.5552,90,0,1,0,0,1,0,0,1,280,223,719,678
SUB330,SITE001,581,3,30,88.9056,100,0,1,0,0,1,0,1,1,690,469,830,554
SUB331,SITE001,963,1,41,73.4832,100,0,1,0,0,1,0,1,0,645,612,1196,936
SUB332,SITE001,813,0,66,84.3696,100,0,1,0,0,1,0,0,1,481,418,1472,1176
SUB333,SITE001,306,0,53,91,100,0,1,0,0,1,0,0,1,378,393,875,776
SUB334,SITE001,874,3,31,87.9984,100,0,1,0,0,1,1,1,0,538,521,1166,776
SUB335,SITE001,760,3,40,74.52648,90,0,1,133,0,0,0,1,0,395,262,482,537
SUB336,SITE001,1122,1,37,72.5,100,0,1,969,0,1,1,1,0,259,423,1166,559
SUB337,SITE001,648,2,44,78.5,100,0,1,902,0,1,1,1,0,412,179,1829,1901
SUB338,SITE001,1125,3,56,83.1,90,0,1,951,0,1,0,1,0,367,337,649,449
SUB339,SITE001,1138,1,39,80.8,100,0,1,1582,0,1,0,1,0,384,339,1215,927
SUB340,SITE001,1132,1,38,78.2,90,0,1,940,0,1,0,1,0,354,345,955,674
SUB341,SITE001,1064,0,29,66.1,90,0,1,1509,0,1,0,0,0,469,378,775,567
SUB342,SITE001,469,2,52,67.1,90,0,1,773,0,1,0,1,0,408,312,1497,1267
SUB343,SITE001,947,0,37,76.9,100,0,1,1487,0,1,0,0,0,743,561,1412,748
SUB344,SITE001,944,3,34,78.3,100,0,1,931,0,1,0,1,1,254,541,624,830
SUB345,SITE001,728,1,39,75.6,100,0,1,616,0,0,1,1,0,161,277,927,1313
SUB346,SITE001,1151,0,47,73,100,0,1,1081,0,1,0,0,0,289,259,927,950
SUB347,SITE001,1072,1,40,76.2048,90,0,1,1066,0,1,0,1,0,347,497,1092,1585
SUB348,SITE001,1097,0,48,72.576,90,0,1,175,0,1,0,0,0,613,414,770,622
SUB349,SITE001,456,2,54,76.2048,90,0,1,945,0,1,0,1,1,412,377,1154,943
SUB350,SITE001,756,1,57,92.0808,90,0,1,329,0,1,0,1,0,220,221,600,601
SUB351,SITE001,488,3,43,57.1536,90,0,1,0,0,1,0,1,0,245,272,408,653
SUB352,SITE001,871,0,32,86.184,90,0,1,396,1,1,0,0,1,154,159,406,346
SUB353,SITE001,952,1,48,83.0088,90,0,1,0,0,1,0,1,1,308,376,956,706
SUB354,SITE001,798,3,32,98.658,90,0,1,473,1,1,0,1,1,283,290,2794,2641
SUB355,SITE001,476,0,42,70.7616,90,0,1,503,0,1,1,0,0,358,290,689,440
SUB356,SITE001,1084,1,32,68.9472,90,0,1,908,0,1,1,1,0,248,244,745,722
SUB357,SITE001,189,3,30,84.8232,95,0,1,0,0,1,1,1,1,532,375.4478,458,464
SUB358,SITE001,770,0,33,57.1536,90,0,1,0,1,1,0,0,1,275,362,798,740
SUB359,SITE001,1022,0,34,79.6,100,0,1,0,0,1,1,0,1,103,237,1084,1313
SUB360,SITE001,1065,2,38,95,100,0,1,0,0,1,0,1,0,409,369,620,432
SUB361,SITE001,281,1,34,73.8,100,0,1,0,0,1,0,1,0,165,241,1858,1240
SUB362,SITE001,125,1,31,95,100,0,1,0,0,1,0,1,1,317,348,501,393
SUB363,SITE001,1144,3,26,77.4,100,0,1,0,0,1,1,1,0,352,287,1180,766
SUB364,SITE001,305,1,29,89.7,100,0,1,1114,1,1,1,1,1,187,239,774,1752
SUB365,SITE001,69,0,33,97,100,0,1,358,0,1,0,0,1,350,127,1213,500
SUB366,SITE001,1123,2,29,83.4,100,0,1,0,0,1,0,1,0,404,341,936,511
SUB367,SITE001,1005,0,28,76.7,100,0,1,0,0,1,1,0,1,384,436,1306,1491
SUB368,SITE001,984,3,25,73,100,0,1,0,1,1,0,1,0,630,494,1328,817
SUB369,SITE001,1026,1,36,88.3,100,0,1,0,0,1,0,1,0,352,428,386,491
SUB370,SITE001,726,2,47,91.2,100,0,1,0,0,1,1,1,0,316,374,2087,1430
SUB371,SITE001,884,1,28,67.2,100,0,1,0,0,1,0,1,1,172,312,1412,1417
SUB372,SITE001,395,0,28,65.1,100,0,1,0,0,1,0,0,0,384,241,1415,858
SUB373,SITE001,1042,2,48,68.1,100,0,1,0,0,1,1,1,0,374,327,1240,515
SUB374,SITE001,1023,3,22,58.2876,90,0,1,380,1,1,0,1,0,211,253,515,599
SUB375,SITE001,663,0,40,78.4728,90,1,1,832,1,1,0,0,1,262,325,423,585
SUB376,SITE001,549,3,25,50.3496,90,0,1,746,0,1,0,1,1,348,297,355,446
SUB377,SITE001,1080,2,34,70.7616,90,0,1,0,1,1,0,1,0,267,282,431,235
SUB378,SITE001,1059,2,20,47.4012,90,0,1,0,1,0,0,1,0,292,415,909,1010
SUB379,SITE001,878,1,36,78.0192,90,0,1,0,1,1,1,1,0,389,332,703,590
SUB380,SITE001,454,0,34,68.04,90,0,1,0,1,1,1,0,1,167,170,1228,1442
SUB381,SITE001,791,1,28,58.968,90,0,1,0,1,1,1,1,1,235,269,370,359
SUB382,SITE001,583,3,37,89.3592,90,0,1,0,0,1,0,1,1,225,351,225,304
SUB383,SITE001,475,0,45,81.4212,100,0,1,37,0,1,0,0,0,668,282,1144,353
SUB384,SITE001,1195,0,30,73.6,100,0,1,0,0,1,0,0,0,412,506,807,664
SUB385,SITE001,1121,3,27,71.8,90,0,1,0,1,1,0,1,0,289,284,1065,945
SUB386,SITE001,1121,3,33,86.184,90,0,1,0,0,1,0,1,0,395,434,1133,1226
SUB387,SITE001,1113,3,43,81.4212,80,1,1,740,0,1,1,1,0,182,217,298,379
SUB388,SITE001,1113,0,29,76.2048,90,0,1,0,0,1,0,0,0,196,164,463,391
SUB389,SITE001,577,1,46,74.6172,90,0,1,316,0,1,0,1,1,127,269,1565,924
SUB390,SITE001,948,3,30,108.864,90,0,1,12,0,1,0,1,0,371,287,623,574
SUB391,SITE001,1107,2,36,73.71,90,0,1,672,0,1,0,1,0,276,226,684,479
SUB392,SITE001,1012,3,21,63.9576,90,0,1,415,1,1,1,1,0,269,375.4478,545,1164
SUB393,SITE001,310,0,35,63.0504,90,0,1,0,1,0,0,0,1,238,416,926,637
SUB394,SITE001,413,2,25,75.2976,90,0,1,345,1,1,0,1,1,224,257,1256,656
SUB395,SITE001,888,2,27,70.308,100,0,1,0,1,1,0,1,1,535,463,470,532
SUB396,SITE001,1012,3,28,70.7616,90,0,1,0,1,1,1,1,0,295,242,415,583
SUB397,SITE001,394,3,48,63.0504,90,0,1,839,0,1,1,1,1,200,74,622,865
SUB398,SITE001,1032,0,26,101.8332,90,0,1,692,0,1,0,0,0,301,356,614,570
SUB399,SITE001,1118,3,29,84.8232,90,0,1,78,0,1,0,1,0,544,1040,1087,1255
SUB400,SITE001,1058,2,29,73.4832,90,0,1,99,1,0,0,1,0,390,373,715,616
SUB401,SITE001,358,2,48,79.8336,90,0,1,311,0,1,0,1,1,350,218,932,883
SUB402,SITE001,561,1,35,69.4008,100,0,1,1650,1,1,0,1,0,415,490,744,918
SUB403,SITE001,1104,0,39,71.6688,100,0,1,953,1,1,0,0,0,427,594,660,673
SUB404,SITE001,978,2,39,99.9,100,0,1,748,0,1,0,1,0,490,380,1519,887
SUB405,SITE001,729,3,36,85.7304,100,0,1,537,0,1,1,1,0,191,306,1836,1837
SUB406,SITE001,1167,1,28,63.0504,100,0,1,778,1,1,0,1,0,314,426,627,1016
SUB407,SITE001,1116,0,33,69.8544,100,0,1,603,0,1,0,0,0,321,352,1179,1140
SUB408,SITE001,1063,3,29,71.71416,100,0,1,563,0,1,0,1,1,339,301,868,851
SUB409,SITE001,1091,0,26,74.844,100,0,1,1529,0,1,0,0,0,429,386,974,828
SUB410,SITE001,1095,3,48,83.916,100,0,1,997,0,1,0,1,0,454,679,1135,1409
SUB411,SITE001,1090,2,32,60.7824,100,0,1,20,0,1,0,1,0,474,464,2104,1160
SUB412,SITE001,1119,2,41,80.7408,100,0,1,1076,0,1,0,1,1,303,328,1135,874
SUB413,SITE001,1214,1,33,73.4832,100,0,1,1357,0,1,0,1,0,426,331,935,628
SUB414,SITE001,1038,1,27,75.9,100,0,1,676,0,1,0,1,1,442,540,1088,1008
SUB415,SITE001,564,0,28,68.9472,100,0,1,1444,0,1,0,0,0,264,301,1117,1084
SUB416,SITE001,393,2,63,56.4732,100,0,1,170,0,1,0,1,0,151,157,1315,1254
SUB417,SITE001,483,1,47,68.9472,100,0,1,853,1,1,1,1,1,216,213,1189,773
SUB418,SITE001,197,0,36,83.916,100,0,1,7,0,1,0,0,1,222,285,714,1093
SUB419,SITE001,1102,3,37,57.1536,100,0,1,811,1,1,1,1,0,366,562,1323,1514
SUB420,SITE001,1094,2,42,68.4936,100,0,1,840,0,1,1,1,0,333,430,713,860
SUB421,SITE001,999,1,35,69.4008,100,0,1,41,0,1,1,1,0,151,298,655,829
SUB422,SITE001,664,3,33,78.0192,100,0,1,957,0,1,0,1,0,263,246,1316,881
SUB423,SITE001,1145,3,34,77.5656,100,0,1,372,0,1,1,1,0,296,338,850,756
SUB424,SITE001,1150,2,39,59.8752,100,0,1,671,0,1,1,1,0,219,302,888,1116
SUB425,SITE001,730,3,38,77.112,100,0,1,872,0,1,1,1,0,238,294,756,789
SUB426,SITE001,1097,1,33,55.7928,100,0,1,964,0,1,0,1,0,834,549,3389,1019
SUB427,SITE001,1153,1,32,76.2048,100,0,1,1143,0,1,0,1,0,269,350,640,801
SUB428,SITE001,1203,3,31,86.6376,100,0,1,717,1,1,0,1,0,359,357,1026,770
SUB429,SITE001,1101,2,36,85.2768,100,0,1,1163,0,1,0,1,0,360,589,2448,1742
SUB430,SITE001,1136,1,27,61.236,100,0,1,939,0,1,1,1,0,420,541,1387,1769
SUB431,SITE002,1126,1,35,59,100,0,1,896,0,1,0,1,1,286,256,507,419
SUB432,SITE002,1146,3,35,92.7,90,0,1,768,0,1,0,1,0,251,336,858,812
SUB433,SITE002,1095,0,38,68.9472,100,0,1,993,0,1,1,0,0,435,507,1306,1290
SUB434,SITE002,1097,1,43,72.576,100,0,1,902,0,1,1,1,0,323,428,646,570
SUB435,SITE002,1178,1,39,85.9572,100,0,1,1038,0,1,0,1,0,305,412,801,941
SUB436,SITE002,643,2,38,82.5552,100,1,1,768,1,1,1,1,0,265,276,1678,1223
SUB437,SITE002,898,3,31,76.6584,100,0,1,1313,0,1,1,1,0,166,289,1325,1253
SUB438,SITE002,148,3,35,83.0088,100,0,1,134,0,1,1,1,1,395,243,1579,1138
SUB439,SITE002,1189,0,38,86.8644,100,0,1,0,0,1,0,0,0,400,336,871,566
SUB440,SITE002,1188,0,41,87.9984,100,0,1,0,0,1,0,0,0,331,313,1242,954
SUB441,SITE002,1189,2,32,82.5552,100,0,1,0,0,1,0,1,0,351,526,729,1019
SUB442,SITE002,1188,1,46,92.0808,100,0,1,0,0,1,0,1,0,230,421,1171,1683
SUB443,SITE002,310,3,32,78.4728,100,0,1,1175,1,1,0,1,0,363,209,1258,604
SUB444,SITE002,772,0,29,73.9368,100,0,1,0,0,1,0,0,1,280,458,1440,1686
SUB445,SITE002,1185,2,29,79.8336,100,0,1,0,1,1,0,1,0,406,389,1111,907
SUB446,SITE002,1185,2,34,71.442,100,0,1,0,0,1,1,1,0,316,422,804,938
SUB447,SITE002,866,2,35,70.7616,100,0,1,0,1,1,0,1,0,513,576,1512,1368
SUB448,SITE002,474,3,20,72.576,100,0,1,743,1,1,0,1,1,369,309,548,530
SUB449,SITE002,1152,1,49,70.0812,100,0,1,0,0,1,1,1,0,327,478,1125,975
SUB450,SITE002,725,2,31,85.2768,100,0,1,95,0,1,1,1,1,326,459,1710,1596
SUB451,SITE002,310,0,30,84.5964,100,0,1,129,0,1,0,0,1,273,180,2072,1406
SUB452,SITE002,234,0,33,69.8544,100,0,1,277,1,1,0,0,1,365,487,1139,1375
SUB453,SITE002,620,0,32,60.5556,100,0,1,31,0,0,0,0,1,358,277,594,416
SUB454,SITE002,1143,2,32,82.5552,100,0,1,0,0,1,1,1,0,435,341,519,358
SUB455,SITE002,154,3,35,74.3904,100,0,1,919,1,1,1,1,1,267,147,1944,1458
SUB456,SITE002,1139,0,35,65.772,100,0,1,0,0,0,0,0,0,527,570,615,765
SUB457,SITE002,517,3,22,64.638,100,0,1,0,0,1,0,1,1,263,403,956,1023
SUB458,SITE002,295,1,26,78.0192,100,0,1,807,0,1,1,1,1,246,502,512,1340
SUB459,SITE002,467,2,37,77.3388,100,0,1,232,0,1,1,1,1,418,261,631,484
SUB460,SITE002,1009,2,29,78.4728,100,0,1,267,0,1,0,1,1,340,564,1067,1648
SUB461,SITE002,728,1,34,62.5968,100,0,1,0,0,1,0,1,0,337,597,699,713
SUB462,SITE002,1125,1,30,70.7616,100,0,1,1826,0,1,1,1,0,284,328,1287,751
SUB463,SITE002,385,2,30,78.0192,100,0,1,0,0,1,0,1,1,470,300,995,732
SUB464,SITE002,1117,3,32,92.0808,100,0,1,0,0,1,1,1,0,485,527,610,703
SUB465,SITE002,998,2,31,73.2564,100,0,1,260,0,1,0,1,1,402,382,1707,1147
SUB466,SITE002,1098,1,39,75.2976,100,0,1,847,0,1,1,1,0,333,342,589,671
SUB467,SITE002,224,0,35,93.4416,100,0,1,1200,1,1,0,0,1,290,262,1716,1351
SUB468,SITE002,1091,2,28,67.5864,100,0,1,51,0,1,0,1,0,249,238,689,728
SUB469,SITE002,1091,3,30,64.8648,100,0,1,0,0,1,1,1,0,447,635,1482,1388
SUB470,SITE002,1090,0,43,89.3592,100,0,1,1118,0,1,0,0,0,319,426,990,1831
SUB471,SITE002,1089,1,30,82.5552,100,0,1,389,0,1,1,1,0,229,351,2140,2241
SUB472,SITE002,956,3,37,83.4624,100,0,1,1240,1,1,0,1,1,384,378,858,819
SUB473,SITE002,647,0,52,72.576,100,0,1,376,1,0,0,0,0,459,248,1704,936
SUB474,SITE002,966,1,37,83.4624,100,0,1,0,0,1,0,1,1,239,456,686,729
SUB475,SITE002,1073,0,60,72.576,100,0,1,0,0,1,0,0,0,300,360,441,513
SUB476,SITE002,331,2,30,51.4836,100,0,1,0,0,1,1,1,1,357,393,727,903
SUB477,SITE002,1052,1,36,73.0296,100,0,1,0,0,1,1,1,0,277,597,1175,1174
SUB478,SITE002,1049,2,31,86.4108,100,0,1,0,1,1,0,1,0,436,433,958,798
SUB479,SITE002,656,0,27,74.3904,100,0,1,0,1,1,1,0,1,437,475,903,739
SUB480,SITE002,1042,1,33,67.1328,100,0,1,0,0,1,0,1,0,298,544,546,1230
SUB481,SITE002,896,1,38,68.04,100,0,1,0,0,1,1,1,0,177,433,1242,1347
SUB482,SITE002,419,3,37,79.8336,100,0,1,0,0,1,1,1,0,356,324,2884,2106
SUB483,SITE002,967,1,39,79.38,100,0,1,0,1,1,0,1,1,566,584,1202,1405
SUB484,SITE002,394,0,26,67.8132,100,0,1,0,0,1,0,0,1,372,370,1294,1179
SUB485,SITE002,237,2,45,73.0296,100,0,1,0,0,1,0,1,1,261,192,796,516
SUB486,SITE002,912,3,49,90.0396,100,0,1,0,1,1,1,1,0,468,502,936,752
SUB487,SITE002,999,3,30,73.9368,100,0,1,0,1,1,1,1,0,275,303,598,678
SUB488,SITE002,975,3,42,63.0504,100,0,1,0,1,1,1,1,0,370,336,570,485
SUB489,SITE002,908,0,34,82.782,100,0,1,0,0,1,0,0,1,337,328,1348,889
SUB490,SITE002,314,1,38,68.04,100,0,1,0,0,1,1,1,1,198,294,1304,1787
SUB491,SITE002,757,1,42,85.2768,100,0,1,0,0,1,0,1,1,306,318,612,1003
SUB492,SITE002,643,3,31,95.256,100,0,1,0,0,1,1,1,0,319,268,1226,1433
SUB493,SITE002,949,0,39,69.8544,100,0,1,0,0,1,1,0,0,196,338,631,938
SUB494,SITE002,147,0,38,83.4624,90,0,1,763,0,1,0,0,1,248,95,765,846
SUB495,SITE002,1079,0,37,68.2,80,1,1,727,0,1,1,0,1,306,403,423,728
SUB496,SITE002,1087,2,33,78,100,0,1,1774,0,1,0,1,0,437,378,969,954
SUB497,SITE002,799,3,33,69.8544,100,0,1,0,0,1,0,1,0,341,532,572,616
SUB498,SITE002,920,0,36,75,90,0,1,446,0,1,0,0,0,230,204,620,792
SUB499,SITE002,1060,2,43,78.6,90,0,1,1289,0,1,0,1,1,460,378,1472,1170
SUB500,SITE002,182,0,35,66.6,90,0,1,1137,0,1,1,0,1,228,143,1254,737
SUB501,SITE002,1098,0,32,63.504,90,0,1,794,0,1,0,0,0,312,319,696,627
SUB502,SITE002,1138,3,36,82.5552,100,0,1,1379,0,1,0,1,0,380,688,270,480
SUB503,SITE002,706,3,50,64.4112,100,0,1,914,1,1,0,1,0,432,480,1728,2250
SUB504,SITE002,1085,1,37,74.3904,100,0,1,739,0,1,0,1,0,325,396,728,495
SUB505,SITE002,995,3,41,75.3,100,0,1,1260,0,1,0,1,1,576,440,2176,1386
SUB506,SITE002,1130,2,35,74.3904,100,0,1,924,1,1,0,1,0,480,448,880,784
SUB507,SITE002,1152,1,57,80,90,0,1,932,0,1,0,1,0,330,396,930,1080
SUB508,SITE002,1021,0,43,76.4,90,0,1,724,0,1,0,0,1,210,150,430,440
SUB509,SITE002,1040,2,62,83.4624,100,0,1,0,0,1,0,1,0,234,342,845,1254
SUB510,SITE002,654,2,29,68,100,0,1,779,1,1,0,1,0,289,380,1054,1102
SUB511,SITE002,1186,1,38,78.9264,90,0,1,2342,0,0,0,1,0,392,848,272,560
SUB512,SITE002,1167,3,49,60.7824,100,0,1,777,0,1,0,1,0,352,336,912,944
SUB513,SITE002,664,0,27,71.2152,100,0,1,0,0,1,0,0,1,336,364,960,756
SUB514,SITE002,208,3,19,68.04,100,0,1,85,1,1,0,1,1,276,169,612,741
SUB515,SITE002,1020,3,41,80,100,0,1,335,0,1,1,1,1,506,336,990,816
SUB516,SITE002,476,2,28,65.5,100,0,1,206,1,1,0,1,0,325,270,770,522
SUB517,SITE002,975,2,26,70.0812,100,0,1,0,1,1,0,1,0,735,496,798,656
SUB518,SITE002,1040,2,28,68,100,0,1,0,0,1,0,1,0,336,528,976,1254
SUB519,SITE002,202,1,68,70.7616,90,0,1,1770,0,1,0,1,1,196,190,952,570
SUB520,SITE002,1125,2,33,73.0296,100,0,1,609,0,1,0,1,0,228,286,708,728
SUB521,SITE002,643,0,35,97.524,90,0,1,889,0,1,0,0,0,414,380,1495,1280
SUB522,SITE002,1117,1,31,66.2256,100,0,1,0,1,1,0,1,0,198,693,1206,1914
SUB523,SITE002,1116,1,39,74.844,90,0,1,586,0,1,0,1,0,306,378,1224,840
SUB524,SITE002,1112,2,43,62.1432,100,0,1,1626,0,1,0,1,0,294,352,308,336
SUB525,SITE002,944,0,42,48.0816,90,0,1,493,1,0,0,0,0,480,352,705,583
SUB526,SITE002,498,3,38,79.38,90,0,1,325,0,1,0,1,1,180,144,804,756
SUB527,SITE002,1104,0,47,64.4112,90,0,1,508,0,1,0,0,0,264,243,392,432
SUB528,SITE002,906,1,41,73.9368,90,0,1,1039,0,1,0,1,1,209,285,1216,1083
SUB529,SITE002,949,0,38,69.8544,90,0,1,189,0,1,0,0,1,304,286,1140,1496
SUB530,SITE002,218,1,32,87.5448,90,0,1,0,0,1,0,1,1,345,342,1518,1116
SUB531,SITE002,1034,1,51,96.1632,100,0,1,0,0,1,0,1,0,276,406,648,658
SUB532,SITE002,409,3,35,56.7,90,0,1,0,0,0,0,1,1,456,414,1608,1134
SUB533,SITE002,1083,3,40,73.8,90,0,1,0,0,1,1,1,0,360,391,1180,1020
SUB534,SITE002,1103,0,42,59.1,90,0,1,123,0,1,0,0,1,380,369,1020,1544
SUB535,SITE002,1098,1,26,81,80,0,1,103,0,1,0,1,0,260,340,550,480
SUB536,SITE002,1153,2,35,66.2256,90,1,1,437,0,1,1,1,0,180,234,744,676
SUB537,SITE002,1153,3,39,80.5,80,0,1,0,0,1,0,1,0,168,230,864,1633
SUB538,SITE002,1057,3,31,60.5,90,0,1,634,0,1,0,1,1,480,675,720,1200
SUB539,SITE002,1131,1,42,79,90,0,1,677,0,1,1,1,0,378,450,1134,846
SUB540,SITE002,982,0,32,86.9,100,0,1,710,1,1,0,0,1,600,418,1575,1197
SUB541,SITE002,1097,2,46,81,90,0,1,0,0,1,0,1,0,460,364,960,468
SUB542,SITE002,836,2,58,80.3,100,0,1,483,0,1,0,1,0,364,375,826,930
SUB543,SITE002,956,2,33,61.2,90,0,1,383,0,0,0,1,0,506,540,1408,1206
SUB544,SITE002,947,3,43,92.5,100,0,1,295,0,1,0,1,0,342,418,893,950
SUB545,SITE002,987,1,37,107.1,100,0,1,204,0,1,0,1,1,324,209,1890,1292
SUB546,SITE002,975,1,41,75.1,100,0,1,0,0,1,1,1,1,414,400,1080,976
SUB547,SITE002,835,0,23,66.4,100,0,1,0,1,1,0,0,1,420,384,600,468
SUB548,SITE002,1020,1,35,76.4,90,0,1,0,0,1,0,1,0,504,462,1323,1239
SUB549,SITE002,795,1,34,79.2,80,0,1,0,0,1,0,1,1,252,253,744,594
SUB550,SITE002,560,0,32,80,100,0,1,0,0,1,0,0,1,288,273,672,741
SUB551,SITE002,875,2,30,59.9,90,0,1,0,1,1,1,1,0,363,532,2442,2016
SUB552,SITE002,231,1,35,69.8,100,0,1,0,1,1,0,1,1,221,252,702,1008
SUB553,SITE002,395,0,40,78.0192,90,0,1,870,1,0,1,0,1,527,378,702,812
SUB554,SITE002,931,3,45,53.9784,90,0,1,479,0,0,0,1,0,448,671,686,777
SUB555,SITE002,979,3,47,78.0192,90,0,1,1598,0,1,0,1,1,457,479,804,690
SUB556,SITE002,653,1,30,67.3596,100,0,1,1316,0,1,0,1,0,489,297,1829,1203
SUB557,SITE002,949,3,35,57.1536,90,0,1,821,1,0,0,1,0,371,467,877,1027
SUB558,SITE002,357,1,42,72.576,90,0,1,861,1,1,0,1,1,242,323,1077,1059
SUB559,SITE002,310,1,32,75.5244,90,0,1,411,1,0,0,1,0,174,202,522,865
SUB560,SITE002,390,0,36,84.8232,100,0,1,463,0,0,0,0,1,338,269,730,603
SUB561,SITE002,908,0,26,47.4012,90,0,1,632,1,0,0,0,0,377,359,801,873
SUB562,SITE002,1161,3,32,78.9264,90,0,1,917,0,1,0,1,0,359,390,1048,812
SUB563,SITE002,868,2,38,55.3392,90,0,1,1068,1,0,0,1,1,210,272,1111,1498
SUB564,SITE002,929,0,27,59.8752,90,0,1,0,1,0,0,0,0,500,540,617,867
SUB565,SITE002,959,3,55,82.1016,90,1,1,587,0,1,0,1,0,229,145,1078,1100
SUB566,SITE002,1087,2,35,66.6792,90,0,1,0,1,1,0,1,0,448,470,1253,957
SUB567,SITE002,1147,0,32,70.308,90,0,1,0,0,1,0,0,1,413,497,516,708
SUB568,SITE002,410,0,35,94.8024,90,0,1,100,0,1,0,0,0,418,344,1197,1048
SUB569,SITE002,1175,2,27,71.2152,95,0,1,0,1,1,0,1,0,299,443,1029,1202
SUB570,SITE002,1179,3,22,55.7928,90,0,1,0,1,1,0,1,0,775,865,795,640
SUB571,SITE002,542,1,28,45.36,100,0,1,0,1,0,0,1,0,198,155,572,441
SUB572,SITE002,985,3,31,75.2976,100,0,1,343,1,0,0,1,0,392,249,864,604
SUB573,SITE002,796,0,24,70.7616,90,0,1,75,0,1,0,0,1,410,88,834,396
SUB574,SITE002,393,0,44,60.3288,90,0,1,817,0,1,0,0,0,381,227,604,369
SUB575,SITE002,867,2,33,79.1532,90,0,1,311,0,1,1,1,0,145,191,769,840
SUB576,SITE002,1129,1,26,63.1,90,0,1,35,0,1,0,1,0,368,571,503,905
SUB577,SITE002,1066,3,23,84.1428,100,0,1,243,0,1,0,1,0,376,684,667,1125
SUB578,SITE002,1157,2,29,78.4728,95,0,1,0,0,1,0,1,0,358,351,699,532
SUB579,SITE002,896,0,32,78.4728,90,0,1,0,0,1,0,0,0,397,262,1519,886
SUB580,SITE002,1029,1,27,77.112,90,0,1,0,0,1,0,1,1,288,212,1167,989
SUB581,SITE002,1116,1,36,118.3896,90,0,1,0,1,1,1,1,0,235,261,2348,3044
SUB582,SITE002,1063,3,35,83.4624,90,0,1,0,1,1,0,1,0,457,341,1053,900
SUB583,SITE002,847,2,30,87.0912,90,0,1,230,0,1,0,1,1,519,400,649,915
SUB584,SITE002,1065,3,64,72.3,90,0,1,0,0,1,0,1,0,258,475,1623,1768
SUB585,SITE002,995,2,36,68.04,90,0,1,0,1,1,1,1,0,334,5000,1068,989
SUB586,SITE002,979,1,30,75.7512,90,0,1,0,1,1,1,1,0,526,391,1254,717
SUB587,SITE002,1089,0,33,69.8544,90,0,1,105,1,0,0,0,0,362,367,785,621
SUB588,SITE002,544,1,25,63.0504,90,0,1,0,0,1,1,1,1,372,529,1464,1080
SUB589,SITE002,1068,0,28,73.71,90,0,1,0,0,1,0,0,0,373,467,631,779
SUB590,SITE002,947,2,32,63.504,90,0,1,0,1,0,0,1,0,385,298,827,507
SUB591,SITE002,1054,3,22,72.576,100,0,1,0,1,0,0,1,0,373,493,1205,1010
SUB592,SITE002,1010,2,33,70.5348,90,0,1,0,0,1,0,1,0,308,352,376,396
SUB593,SITE002,831,1,43,77.112,90,0,1,0,0,1,0,1,0,441,546,1943,1661
SUB594,SITE002,947,0,34,64.638,90,0,1,0,1,1,0,0,1,527,340,884,1041
SUB595,SITE002,890,1,30,89.8128,90,0,1,0,0,0,0,1,0,165,547,515,884
SUB596,SITE002,575,1,24,61.6896,90,0,1,34,1,0,0,1,0,210,231,1327,1733
SUB597,SITE002,945,3,32,90.72,90,0,1,0,1,0,0,1,0,362,426,1267,1136
SUB598,SITE002,911,0,32,75.978,90,0,1,312,1,0,0,0,1,223,159,535,318
SUB599,SITE002,931,1,45,66.6792,90,0,1,327,1,0,0,1,0,124,411,705,1027
SUB600,SITE002,1121,2,20,66.6792,100,0,1,921,0,1,0,1,0,360,642,1294,1180
SUB601,SITE002,1139,1,30,66.8,90,0,1,1902,1,1,0,1,0,400,590,40,630
SUB602,SITE002,1185,2,28,68.81112,80,0,1,1586,0,1,0,1,0,333,390,564,569
SUB603,SITE002,373,2,31,75.2976,100,0,1,1538,0,1,1,1,1,344,291,1607,1543
SUB604,SITE002,662,0,26,77.5656,100,0,1,1540,0,1,1,0,0,251,208,850,1007
SUB605,SITE002,564,1,46,64.95552,80,0,1,1098,0,1,1,1,0,259,283,770,916
SUB606,SITE002,204,3,50,63.7308,90,0,1,931,0,1,1,1,1,161,132,393,441
SUB607,SITE002,361,0,37,65.772,100,0,1,1203,0,0,0,0,1,368,334,896,1162
SUB608,SITE002,392,2,35,73.9,100,0,1,1898,0,1,0,1,0,431,274,1466,1248
SUB609,SITE002,1042,3,36,62.5968,100,0,1,853,0,0,0,1,1,197,376,998,1223
SUB610,SITE002,1182,0,37,47.8,100,1,1,391,0,1,0,0,0,170,130,420,420
SUB611,SITE002,1126,1,37,68.04,100,0,1,658,0,1,0,1,0,246,345,594,591
SUB612,SITE002,184,0,25,78.10992,90,0,1,517,0,1,1,0,1,404,350,1039,1130
SUB613,SITE002,1182,2,33,80,100,0,1,414,0,1,0,1,0,320,390,1600,1420
SUB614,SITE002,1154,2,38,67.5,100,0,1,420,0,0,0,1,0,460,420,840,660
SUB615,SITE002,301,3,39,104,100,0,1,245,0,1,0,1,1,300,240,1950,1580
SUB616,SITE002,1140,2,37,65.5,90,0,1,289,0,1,1,1,1,370,600,1260,1230
SUB617,SITE002,1104,3,39,62.5968,100,0,1,1250,0,1,0,1,0,220,270,1070,1280
SUB618,SITE002,1097,0,37,77,100,0,1,411,0,1,0,0,0,450,410,840,560
SUB619,SITE002,996,0,31,90.35712,100,0,1,976,0,1,0,0,0,316,432,741,1318
SUB620,SITE002,1039,1,58,68.4936,90,0,1,1142,0,0,0,1,1,247,381,689,997
SUB621,SITE002,1164,1,32,80.514,100,0,1,237,0,1,0,1,0,343,858,1059,1901
SUB622,SITE002,1146,0,32,64.1844,90,0,1,388,0,1,0,0,0,269,223,1387,1018
SUB623,SITE002,1194,1,27,65.3184,100,0,1,0,0,1,0,1,0,336,487,1470,1257
SUB624,SITE002,1195,3,31,65.772,100,0,1,0,1,1,0,1,0,303,493,880,898
SUB625,SITE002,395,2,36,78.9264,100,0,1,0,0,1,0,1,0,230,249,1274,1674
SUB626,SITE002,1140,1,39,66.2256,100,0,1,154,1,1,0,1,0,365,586,1823,996
SUB627,SITE002,822,1,38,93.4416,100,0,1,0,0,1,0,1,0,564,510,1495,1156
SUB628,SITE002,1126,2,40,74.3904,100,0,1,655,0,1,0,1,0,321,458,1264,1186
SUB629,SITE002,1123,2,38,64.8648,100,0,1,0,0,1,0,1,0,400,552,1060,1003
SUB630,SITE002,954,2,36,120.6576,100,0,1,132,0,1,0,1,1,276,230,1441,1008
SUB631,SITE002,578,2,32,87.5448,100,0,1,160,0,1,0,1,1,246,240,1250,1218
SUB632,SITE002,1088,1,35,50.8032,100,0,1,1574,0,1,0,1,0,212,192,877,564
SUB633,SITE002,1048,1,28,85.2768,100,0,1,0,0,1,0,1,0,385,572,820,831
SUB634,SITE002,1056,3,41,77.112,100,0,1,0,0,1,0,1,0,428,570,602,590
SUB635,SITE002,135,3,44,51.2568,100,0,1,0,0,1,1,1,0,222,92,1366,669
SUB636,SITE002,1042,3,37,73.4832,100,0,1,0,1,1,0,1,0,193,280,469,636
SUB637,SITE002,653,0,30,77.112,100,0,1,0,0,1,0,0,0,360,478,631,669
SUB638,SITE002,583,0,25,110.6784,100,0,1,0,1,0,0,0,1,611,431,1426,899
SUB639,SITE002,904,3,34,74.6172,100,0,1,167,1,1,1,1,0,385,186,843,716
SUB640,SITE002,1133,3,34,74.844,90,0,1,420,0,1,1,1,0,237,299,725,641
SUB641,SITE002,1059,3,37,70.9884,90,0,1,819,1,1,0,1,1,309,350,995,1010
SUB642,SITE002,1050,0,37,56.8,90,0,1,920,0,0,0,0,0,281,371,675,613
SUB643,SITE002,476,3,35,48.762,90,0,1,0,0,0,0,1,1,258,293,546,720
SUB644,SITE002,1009,0,39,66.906,90,0,1,577,1,1,0,0,1,256,306,1099,1296
SUB645,SITE002,726,0,46,77.112,90,0,1,735,0,1,1,0,0,240,189,1071,1418
SUB646,SITE002,62,3,41,79.8336,90,0,1,361,1,1,1,1,1,305,251,1023,843
SUB647,SITE002,990,3,51,68.4936,90,0,1,364,0,1,1,1,1,410,283,717,588
SUB648,SITE002,978,2,27,59.6484,100,0,1,0,0,1,0,1,1,447,441,729,661
SUB649,SITE002,822,1,39,81.648,100,0,1,243,0,1,0,1,1,407,325,1201,1264
SUB650,SITE002,1064,1,45,82.87272,90,0,1,406,1,1,0,1,0,360,349,1427,2064
SUB651,SITE002,973,2,30,97.2972,90,0,1,302,1,1,0,1,1,480,877,1320,2807
SUB652,SITE002,1087,2,41,84.3,100,0,1,315,1,0,0,1,0,340,390,680,730
SUB653,SITE002,1068,0,36,80,100,0,1,0,1,1,0,0,0,600,810,2090,1700
SUB654,SITE002,968,0,22,78,100,0,1,0,0,0,0,0,0,360,420,610,620
SUB655,SITE002,976,3,45,69,100,0,1,0,1,0,0,1,0,350,480,620,570
SUB656,SITE002,904,2,34,108.864,90,0,1,0,0,1,0,1,1,302,386,786,1020
SUB657,SITE002,1087,1,28,90.5,100,0,1,1508,1,1,0,1,0,428,416,1832,1314
SUB658,SITE002,1096,2,44,71.2152,90,0,1,952,0,1,0,1,0,360,251,691,600
SUB659,SITE002,1160,3,29,80.7408,90,0,1,893,1,1,0,1,0,375,264,538,545
SUB660,SITE002,1160,2,37,81.648,90,0,1,585,0,1,0,1,0,211,247,1289,1073
SUB661,SITE002,1065,1,33,67.5864,90,0,1,868,1,1,0,1,0,394,292,323,512
SUB662,SITE002,1139,3,32,69.4008,90,0,1,910,0,1,0,1,0,496,601,1442,1631
SUB663,SITE002,224,1,33,76.6584,90,0,1,875,0,1,0,1,1,264,179,636,549
SUB664,SITE002,981,2,25,64.4112,90,0,1,659,1,1,0,1,0,157,237,288,601
SUB665,SITE002,309,3,58,63.504,90,0,1,141,1,1,0,1,1,275,297,550,673
SUB666,SITE002,307,3,25,59.8752,100,0,1,677,0,1,0,1,1,199,187,899,1156
SUB667,SITE002,1161,0,52,75.13802,90,0,1,270,1,1,0,0,0,319,389,465,609
SUB668,SITE002,730,0,26,58.2,90,0,1,445,0,1,0,0,0,302,283,544,787
SUB669,SITE002,1154,1,44,104.5,90,0,1,42,0,1,0,1,0,468,305,605,352
SUB670,SITE002,1154,0,42,55.2,90,0,1,0,0,1,0,0,0,522,329,1066,1340
SUB671,SITE002,1147,2,46,72,90,0,1,0,1,1,0,1,0,380,579,1929,882
SUB672,SITE002,1132,1,34,96.5,90,0,1,273,0,1,0,1,0,703,530,641,483
SUB673,SITE002,435,0,26,79,90,0,1,0,1,1,0,0,1,176,301,880,1227
SUB674,SITE002,1117,1,32,59.4216,90,0,1,0,1,0,0,1,0,231,327,682,720
SUB675,SITE002,522,3,41,73.2,90,0,1,371,0,1,0,1,1,304,367,1022,1274
SUB676,SITE002,1097,2,38,75,90,0,1,31,1,1,0,1,0,310,314,601,813
SUB677,SITE002,414,3,32,57.2,90,0,1,0,0,1,1,1,1,490,381,1078,1574
SUB678,SITE002,1080,1,30,70.7616,90,0,1,104,0,0,0,1,0,611,793,1363,960
SUB679,SITE002,1090,2,33,88.2252,90,0,1,0,1,1,0,1,0,285,285,571,598
SUB680,SITE002,232,0,26,61.8,90,0,1,140,1,1,1,0,1,173,256,734,1453
SUB681,SITE002,350,3,29,64.4112,90,0,1,0,1,1,0,1,1,265,548,437,579
SUB682,SITE002,560,2,25,111.132,90,0,1,0,1,1,0,1,1,451,682,1214,924
SUB683,SITE002,680,0,51,60.3288,90,0,1,0,0,1,0,0,1,291,334,1012,1104
SUB684,SITE002,1034,2,28,60.3288,90,0,1,0,0,1,0,1,0,388,528,885,740
SUB685,SITE002,569,1,33,90.2664,90,0,1,0,0,1,0,1,1,293,310,1044,986
SUB686,SITE002,315,3,33,78.9264,90,0,1,0,1,1,1,1,1,234,292,666,1041
SUB687,SITE002,994,1,40,72.3492,90,0,1,0,0,1,0,1,1,234,360,2076,1314
SUB688,SITE002,985,3,28,88.452,90,0,1,0,1,1,0,1,0,478,403,1310,807
SUB689,SITE002,979,2,46,74.6172,90,0,1,0,0,1,1,1,0,604,497,982,1043
SUB690,SITE002,561,0,49,66.2256,90,0,1,0,0,1,0,0,0,528,453,827,907
SUB691,SITE002,1000,2,43,80.4,100,0,1,937,0,1,0,1,0,352,308,755,695
SUB692,SITE002,252,3,34,83.5,90,1,1,811,0,1,1,1,1,252,144,1143,708
SUB693,SITE002,895,3,36,74.1,80,0,1,1452,0,1,0,1,0,277,257,1237,899
SUB694,SITE002,1124,2,39,71.8,90,0,1,971,0,1,1,1,0,474,590,894,1004
SUB695,SITE002,1098,3,43,81.8,100,0,1,1424,0,1,0,1,0,425,378,1029,826
SUB696,SITE002,1094,3,39,69.5,90,0,1,1394,0,1,0,1,0,490,646,850,901
SUB697,SITE002,964,1,20,66,100,0,1,830,0,1,0,1,0,504,445,2340,1518
SUB698,SITE002,252,1,27,88.6,100,0,1,1005,0,1,1,1,1,234,265,228,224
SUB699,SITE002,1131,0,40,75.9,90,0,1,1318,0,1,1,0,0,381,390,1332,1690
SUB700,SITE002,1132,0,50,68.2,90,0,1,959,0,1,0,0,0,740,713,1428,1145
SUB701,SITE002,1078,1,34,56.4,100,0,1,1237,0,1,1,1,1,202,189,1336,1273
SUB702,SITE002,140,1,39,81.8,90,0,1,445,0,1,1,1,1,623,83,606,919
SUB703,SITE002,1096,2,27,55.9,100,0,1,996,0,1,0,1,0,316,456,742,962
SUB704,SITE002,1055,2,32,79.5,100,0,1,199,0,1,0,1,1,395,477,526,702
SUB705,SITE002,646,1,35,77.5,90,0,1,722,0,1,1,1,0,280,265,1703,1020
SUB706,SITE002,1187,3,34,68.2,100,0,1,1104,0,1,0,1,0,292,405,1098,1156
SUB707,SITE002,854,2,49,84.1,100,0,1,1008,0,1,0,1,1,195,258,351,280
SUB708,SITE002,1121,1,41,85.5,100,0,1,1131,0,1,0,1,1,522,408,1682,1417
SUB709,SITE002,919,3,36,77.112,100,0,1,29,1,1,0,1,1,266,454,601,1073
SUB710,SITE002,1181,3,43,81,100,0,1,0,0,1,0,1,0,458,614,931,979
SUB711,SITE002,1138,2,45,66.4,90,0,1,224,0,0,0,1,0,171,202,237,367
SUB712,SITE002,817,0,63,92.0808,90,0,1,76,0,1,0,0,0,213,254,1314,1481
SUB713,SITE002,1167,1,43,70.0812,100,0,1,0,0,1,0,1,0,273,276,737,697
SUB714,SITE002,415,2,38,78.2,100,0,1,105,0,1,0,1,1,176,271,832,801
SUB715,SITE002,650,0,43,94.1,100,0,1,0,0,1,0,0,0,280,226,1706,1456
SUB716,SITE002,896,1,34,75,100,0,1,112,0,1,1,1,0,360,447,709,972
SUB717,SITE002,1179,2,29,105.9,100,0,1,387,0,1,0,1,0,477,612,893,936
SUB718,SITE002,901,3,35,75,90,0,1,0,0,1,0,1,1,421,374,1079,1104
SUB719,SITE002,1141,3,31,88.6,100,0,1,0,0,1,0,1,1,343,363,581,557
SUB720,SITE002,284,3,45,76,90,0,1,866,0,1,1,1,1,340,406,1277,1652
SUB721,SITE002,1172,0,36,88.6,100,0,1,0,0,1,0,0,0,370,435,1076,1263
SUB722,SITE002,1027,1,38,79.6068,90,0,1,116,0,1,0,1,1,151,130,691,819
SUB723,SITE002,1133,3,45,59,90,0,1,49,0,1,0,1,1,475,419,1260,1389
SUB724,SITE002,1124,1,30,81.1944,100,0,1,0,0,1,0,1,1,350,566,998,1078
SUB725,SITE002,576,0,34,79,90,0,1,335,0,1,0,0,1,403,361,910,918
SUB726,SITE002,1063,3,38,87,90,0,1,832,0,1,0,1,0,255,285,1149,1155
SUB727,SITE002,406,0,29,71.2152,90,0,1,420,0,1,1,0,1,320,199,1359,1300
SUB728,SITE002,1158,2,29,69.1,90,0,1,0,0,1,0,1,0,359,372,612,716
SUB729,SITE002,1154,1,35,86.6376,100,0,1,138,0,1,0,1,0,520,600,1253,1152
SUB730,SITE002,1154,2,34,91,100,0,1,70,0,1,0,1,0,396,340,1044,940
SUB731,SITE002,1101,2,27,75.9,100,0,1,0,0,1,0,1,1,252,272,1093,1190
SUB732,SITE002,1042,1,31,84.3696,90,0,1,0,0,1,0,1,0,275,353,446,596
SUB733,SITE002,1151,1,43,75.9,100,0,1,142,0,1,0,1,0,519,610,2412,2262
SUB734,SITE002,1139,1,48,64,90,0,1,0,0,1,0,1,0,439,586,497,700
SUB735,SITE002,1140,0,29,70.308,90,0,1,135,0,1,0,0,0,237,300,494,636
SUB736,SITE002,484,3,46,75.9,100,0,1,0,0,1,0,1,0,338,308,1072,1060
SUB737,SITE002,379,0,30,71.8956,90,0,1,0,0,1,0,0,1,336,322,959,873
SUB738,SITE002,805,2,35,82.3,100,0,1,496,0,1,0,1,1,323,486,860,954
SUB739,SITE002,883,2,31,92.3,100,0,1,0,0,1,0,1,0,293,425,1658,1090
SUB740,SITE002,1068,1,53,93.6,100,0,1,0,0,1,0,1,1,364,426,1213,1237
SUB741,SITE002,1076,1,34,67.7,90,0,1,284,0,1,0,1,1,231,419,681,904
SUB742,SITE002,1124,3,49,63.6,90,0,1,397,0,1,1,1,0,321,356,574,789
SUB743,SITE002,984,0,27,78.2,90,0,1,0,0,1,1,0,0,449,493,1768,1942
SUB744,SITE002,1069,3,50,83.3,80,0,1,0,0,1,1,1,0,391,441,858,779
SUB745,SITE002,1024,3,36,67,80,0,1,754,1,1,0,1,1,239,244,1280,1846
SUB746,SITE002,105,0,33,70.5,100,0,1,1119,0,1,0,0,0,181,81,1156,1013
SUB747,SITE002,1115,2,55,60.7824,100,0,1,0,0,1,0,1,0,362,677,739,1241
SUB748,SITE002,1111,1,25,83.6892,100,0,1,0,0,1,0,1,0,350,574,1068,888
SUB749,SITE002,972,2,39,94.5,90,0,1,114,0,1,1,1,1,149,311,564,1037
SUB750,SITE002,218,1,46,67.7,80,0,1,73,0,1,1,1,1,255,190,578,535
SUB751,SITE002,1102,1,38,59.5,100,0,1,0,1,1,0,1,0,440,381,861,486
SUB752,SITE002,738,2,44,72.5,80,0,1,135,0,1,1,1,1,421,387,2106,1903
SUB753,SITE002,210,0,50,82.7,90,0,1,119,0,1,0,0,1,187,139,811,512
SUB754,SITE002,1043,2,39,73.6,100,0,1,836,0,1,0,1,1,187,293,899,879
SUB755,SITE002,308,0,44,76.4,90,0,1,974,0,1,0,0,0,345,235,1157,890
SUB756,SITE002,586,3,27,80.9,100,0,1,842,1,1,0,1,0,390,312,1562,886
SUB757,SITE002,1089,3,34,80.9,90,0,1,1452,0,1,0,1,0,228,298,1642,1333
SUB758,SITE002,991,3,27,63.6,90,0,1,600,0,1,0,1,0,303,454,771,751
SUB759,SITE002,1058,1,30,64.5,90,1,1,1665,0,1,0,1,1,295,440,1065,782
SUB760,SITE002,561,1,50,77.5,90,0,1,0,0,1,0,1,1,442,713,950,994
SUB761,SITE002,1063,1,20,71.1,100,0,1,0,0,1,0,1,1,353,485,859,1151
SUB762,SITE002,967,0,38,77.7,90,0,1,817,1,0,0,0,1,356,341,499,614
SUB763,SITE002,1053,1,48,70.5,90,0,1,0,0,1,0,1,0,526,490,1149,816
SUB764,SITE002,827,0,65,60.5,90,0,1,0,0,1,0,0,1,414,459,2016,1507
SUB765,SITE002,1047,3,34,70,80,0,1,0,1,0,1,1,0,404,488,2607,2753
SUB766,SITE002,981,1,44,82.7,90,0,1,0,0,1,1,1,0,310,485,1068,1180
SUB767,SITE002,982,0,43,69.4008,90,0,1,0,0,0,0,0,0,457,345,556,559
SUB768,SITE002,923,3,29,77.3,100,0,1,0,0,1,0,1,0,357,497,1000,1301
SUB769,SITE002,896,2,33,82.7,90,0,1,0,0,1,0,1,1,399,248,723,363
SUB770,SITE002,917,3,33,78.1,90,0,1,0,0,1,0,1,1,420,464,1457,1281
SUB771,SITE002,594,0,29,70,100,0,1,0,0,1,0,0,1,259,263,975,735
SUB772,SITE002,990,1,37,90.9,90,0,1,0,0,1,0,1,0,639,617,979,573
SUB773,SITE002,1165,2,31,83.1,100,0,1,911,1,1,0,1,0,449,576,1992,2736
SUB774,SITE002,1050,0,37,77.9,80,0,1,949,0,1,1,0,1,222,145,1093,478
SUB775,SITE002,1166,0,23,62,90,0,1,1662,0,1,0,0,0,421,536,1243,1556
SUB776,SITE002,1079,3,35,74.3,90,0,1,896,0,1,0,1,1,360,451,716,857
SUB777,SITE002,802,3,42,95.2,90,0,1,912,0,1,0,1,0,255,275,453,376
SUB778,SITE002,54,0,46,86.1,90,0,1,1423,0,1,0,0,1,311,88,1867,813
SUB779,SITE002,237,0,42,74.6,90,0,1,1303,0,1,1,0,0,188,111,1025,473
SUB780,SITE002,1039,0,38,90.4,100,0,1,917,0,1,1,0,1,310,328,818,573
SUB781,SITE002,1159,2,37,74.1,90,0,1,903,0,1,0,1,0,220,271,720,758
SUB782,SITE002,1180,3,30,73.4832,100,0,1,540,0,1,0,1,0,251,421,306,385
SUB783,SITE002,904,3,35,66,90,0,1,1729,0,1,0,1,1,387,713,1074,1505
SUB784,SITE002,163,0,45,62,80,0,1,933,0,1,0,0,1,203,87,1217,511
SUB785,SITE002,557,0,32,90.2,70,0,1,1696,0,1,0,0,0,248,251,626,658
SUB786,SITE002,1132,0,42,78.5,90,0,1,434,0,1,0,0,0,316,425,778,1236
SUB787,SITE002,1014,1,43,88.5,90,0,1,996,1,1,1,1,0,658,635,1026,1317
SUB788,SITE002,1160,0,59,86,80,0,1,969,0,1,0,0,0,308,312,627,739
SUB789,SITE002,459,0,37,93.5,90,0,1,917,1,1,0,0,0,240,249,894,1197
SUB790,SITE002,402,3,49,99,100,0,1,931,0,1,1,1,1,297,214,1863,1322
SUB791,SITE002,1131,1,40,78.4,90,0,1,1306,0,1,1,1,0,507,392,1498,1255
SUB792,SITE002,1167,3,48,70.5,100,0,1,1474,0,1,0,1,0,232,311,603,668
SUB793,SITE002,1132,3,45,76.1,90,0,1,1348,0,1,0,1,0,315,330,1332,1024
SUB794,SITE002,1153,0,38,70,90,0,1,1287,0,1,0,0,0,463,294,686,589
SUB795,SITE002,1152,1,45,85.5,90,0,1,1314,0,1,0,1,0,211,163,918,668
SUB796,SITE002,1161,1,41,73,100,0,1,913,0,1,0,1,0,252,264,677,752
SUB797,SITE002,795,1,31,78.1,90,0,1,1174,0,1,0,1,0,257,361,137,515
SUB798,SITE002,651,1,33,89.9,90,0,1,945,0,1,0,1,1,688,457,1255,1371
SUB799,SITE002,1154,3,28,66.4,90,0,1,909,0,1,0,1,0,238,176,1469,1014
SUB800,SITE002,477,3,47,68.4,90,1,1,56,0,1,0,1,0,230,153,450,214
SUB801,SITE002,1072,2,38,59.5,80,0,1,437,0,1,1,1,1,253,147,478,371
SUB802,SITE002,1167,2,58,91,90,0,1,0,0,1,0,1,0,368,426,735,622
SUB803,SITE002,1167,3,38,81.2,90,0,1,0,0,1,0,1,0,478,485,661,509
SUB804,SITE002,1064,0,53,98.5,80,0,1,248,1,1,0,0,0,255,304,615,781
SUB805,SITE002,1032,2,30,64.4,90,0,1,0,1,1,0,1,1,327,370,818,1058
SUB806,SITE002,1166,1,27,56.7,90,0,1,0,0,1,0,1,0,464,497,1206,975
SUB807,SITE002,312,1,42,76.1,90,0,1,2071,0,1,0,1,1,293,233,1171,976
SUB808,SITE002,1094,2,39,64.5,80,0,1,101,0,1,0,1,1,296,310,1647,2012
SUB809,SITE002,713,0,38,76.7,90,0,1,297,1,1,0,0,0,184,236,368,575
SUB810,SITE002,1050,3,29,79.9,90,0,1,0,0,1,0,1,1,265,451,1061,1037
SUB811,SITE002,770,1,27,87,90,0,1,892,0,1,1,1,0,317,475,903,1226
SUB812,SITE002,1153,1,27,72,100,0,1,106,0,0,0,1,0,523,615,964,1019
SUB813,SITE002,484,3,29,74.7,80,0,1,339,0,1,0,1,1,339,231,999,1056
SUB814,SITE002,477,2,25,80.4,90,0,1,238,0,1,0,1,1,526,343,1304,1028
SUB815,SITE002,1152,0,37,83.9,90,0,1,20,0,1,0,0,0,534,450,763,738
SUB816,SITE002,1158,1,31,69.4,90,0,1,210,0,1,0,1,0,449,459,1054,1261
SUB817,SITE002,613,2,38,75.1,90,0,1,118,0,1,0,1,1,239,246,620,502
SUB818,SITE002,154,0,42,74.6,90,0,1,742,1,1,1,0,1,293,196,746,633
SUB819,SITE002,923,2,35,94.4,90,0,1,96,0,1,0,1,0,202,192,585,460
SUB820,SITE002,1151,0,27,78.5,90,0,1,476,0,1,0,0,0,436,430,817,584
SUB821,SITE002,1146,2,42,85.4,90,0,1,140,0,1,0,1,0,522,416,1714,994
SUB822,SITE002,1030,2,28,68.1,90,0,1,185,0,1,1,1,1,269,372,538,791
SUB823,SITE002,174,0,31,84.3,90,0,1,1112,0,1,0,0,1,230,108,726,745
SUB824,SITE002,1145,3,31,78.9,90,0,1,0,0,1,0,1,0,382,720,710,630
SUB825,SITE002,977,2,31,72.2,90,0,1,773,0,1,0,1,0,191,211,996,782
SUB826,SITE002,755,1,26,57.5,90,0,1,0,1,1,0,1,1,551,497,1914,1490
SUB827,SITE002,1140,3,29,119.7,90,0,1,275,0,1,0,1,0,599,566,1176,962
SUB828,SITE002,1132,0,26,79.4,90,0,1,334,0,1,0,0,0,356,286,978,601
SUB829,SITE002,1016,2,43,72.5,80,0,1,687,0,1,1,1,1,176,227,782,844
SUB830,SITE002,331,0,33,67.4,90,0,1,56,1,0,0,0,0,447,357,1080,946
SUB831,SITE002,1139,1,48,77.5,90,0,1,307,0,1,0,1,0,360,330,326,480
SUB832,SITE002,1138,0,31,72.6,90,0,1,0,1,1,0,0,0,373,339,976,1016
SUB833,SITE002,1133,1,33,67.7,90,0,1,221,0,1,0,1,0,450,518,731,588
SUB834,SITE002,1010,3,31,64,90,0,1,918,0,1,0,1,1,300,323,571,493
SUB835,SITE002,1062,0,26,71.3,90,0,1,2,0,1,1,0,0,277,315,704,538
SUB836,SITE002,983,2,41,75.5,90,0,1,197,0,1,0,1,0,362,293,1156,738
SUB837,SITE002,816,1,29,71.7,90,0,1,1138,0,1,0,1,1,353,257,657,547
SUB838,SITE002,303,3,32,73.5,90,0,1,137,0,1,0,1,0,188,207,774,883
SUB839,SITE002,995,3,27,67.9,80,0,1,455,1,1,1,1,0,257,290,831,1111
SUB840,SITE002,1115,1,39,86,100,0,1,0,0,1,1,1,0,221,309,1045,2132
SUB841,SITE002,646,3,35,76.1,90,0,1,213,0,1,1,1,0,228,187,871,601
SUB842,SITE002,1110,0,35,83.5,90,0,1,213,0,0,1,0,0,414,367,740,673
SUB843,SITE002,1105,1,29,75.7,90,0,1,0,0,1,0,1,0,524,803,1254,1636
SUB844,SITE002,1042,1,34,74.9,100,0,1,0,1,1,0,1,0,249,310,635,672
SUB845,SITE002,992,0,36,69.3,80,0,1,368,0,1,0,0,1,267,272,839,842
SUB846,SITE002,1110,3,41,76,90,0,1,517,0,1,0,1,0,367,410,1183,969
SUB847,SITE002,1105,2,36,67.5,90,0,1,91,0,1,0,1,0,319,385,870,947
SUB848,SITE002,1105,1,36,71.1,90,0,1,280,0,1,0,1,0,267,477,840,987
SUB849,SITE002,1096,2,38,70.2,100,0,1,0,0,1,0,1,0,476,424,476,391
SUB850,SITE002,287,1,38,73.3,90,0,1,531,1,1,0,1,1,273,285,2096,1544
SUB851,SITE002,974,3,32,85.8,80,0,1,1116,0,1,0,1,1,270,297,740,709
SUB852,SITE002,626,3,37,45.6,90,0,1,432,0,0,1,1,0,340,267,794,764
SUB853,SITE002,960,2,28,75.5,90,0,1,0,0,1,1,1,0,468,618,1206,1177
SUB854,SITE002,1090,1,32,89.5,90,0,1,1055,0,1,0,1,0,282,250,2666,1456
SUB855,SITE002,146,2,30,68.2,80,0,1,37,0,1,1,1,1,228,81,497,311
SUB856,SITE002,672,3,39,65.2,100,0,1,1423,0,1,1,1,1,413,428,522,503
SUB857,SITE002,1087,3,39,68.3,90,0,1,885,0,1,1,1,0,194,267,745,764
SUB858,SITE002,1083,0,33,78.8,100,0,1,0,0,1,0,0,0,307,549,998,705
SUB859,SITE002,962,2,31,87.3,100,0,1,0,0,1,0,1,1,352,316,928,902
SUB860,SITE003,1019,1,31,60.1,100,0,1,693,0,0,0,1,1,153,235,418,513
SUB861,SITE003,487,2,44,102.1,80,0,1,0,1,1,0,1,1,225,261,729,550
SUB862,SITE003,1066,2,26,89.5,90,0,1,0,0,1,0,1,0,214,237,1014,755
SUB863,SITE003,1062,1,27,78.1,80,0,1,0,0,1,0,1,0,410,689,390,766
SUB864,SITE003,825,0,35,87.2,100,0,1,0,0,1,0,0,0,529,459,696,705
SUB865,SITE003,916,1,39,81.7,90,0,1,0,0,1,0,1,1,445,484,1277,1475
SUB866,SITE003,392,3,27,81.2,90,0,1,0,0,1,1,1,1,355,411,1026,772
SUB867,SITE003,1024,2,35,85.7,100,0,1,0,0,1,0,1,0,350,433,1255,1084
SUB868,SITE003,993,0,24,90.7,90,0,1,0,0,1,0,0,0,359,302,482,380
SUB869,SITE003,992,3,31,79.3,100,0,1,0,1,0,0,1,0,276,331,371,408
SUB870,SITE003,986,2,30,62.7,100,0,1,0,0,1,0,1,0,374,405,1802,1150
SUB871,SITE003,903,2,40,72.2,100,0,1,0,0,1,1,1,1,281,309,941,785
SUB872,SITE003,147,3,30,79.5,100,0,1,0,1,1,1,1,1,348,165,1060,632
SUB873,SITE003,990,2,25,59.1,100,0,1,0,0,1,0,1,0,378,560,1628,1220
SUB874,SITE003,847,3,49,94.6,100,0,1,0,0,1,0,1,1,627,401,1302,816
SUB875,SITE003,1071,2,30,74.57184,100,0,1,957,0,1,0,1,0,469,437,1430,1289
SUB876,SITE003,1034,0,36,69.31008,100,0,1,987,1,0,0,0,0,309,630,867,1259
SUB877,SITE003,749,0,31,78.9264,90,0,1,1469,0,1,0,0,0,526,436,1373,839
SUB878,SITE003,1071,3,32,89.22312,100,0,1,986,0,1,0,1,0,445,512,1356,1471
SUB879,SITE003,1057,3,44,86.36544,100,0,1,1339,0,1,0,1,0,464,236,1230,687
SUB880,SITE003,595,1,48,77.7,100,0,1,1201,0,1,0,1,0,270,240,1220,980
SUB881,SITE003,1066,3,63,65.0916,100,0,1,965,0,0,0,1,0,373,394,837,1024
SUB882,SITE003,413,1,24,79.92432,100,0,1,988,0,1,0,1,1,469,411,1572,1693
SUB883,SITE003,1039,2,39,80.7,100,0,1,986,1,1,0,1,0,400,484,889,1094
SUB884,SITE003,1047,2,29,81.37584,100,0,1,876,0,1,0,1,0,360,401,1139,693
SUB885,SITE003,1116,0,29,71.442,100,0,1,175,0,1,0,0,0,421,475,644,700
SUB886,SITE003,1065,2,31,79.9,100,0,1,152,0,1,0,1,0,468,406,1357,797
SUB887,SITE003,1064,3,33,58.10616,100,0,1,42,0,0,0,1,0,491,464,737,760
SUB888,SITE003,1015,1,31,57.3804,100,0,1,39,0,0,0,1,1,559,546,1097,1131
SUB889,SITE003,1072,1,31,85.77576,100,0,1,865,0,1,0,1,0,549,513,1526,1686
SUB890,SITE003,1087,2,65,71.07912,100,0,1,0,0,1,0,1,0,425,435,788,814
SUB891,SITE003,1012,0,46,79.1532,90,0,1,949,0,1,0,0,0,413,387,2663,2640
SUB892,SITE003,316,3,32,75.13802,100,0,1,0,1,1,0,1,1,203,366,572,620
SUB893,SITE003,1021,0,30,83.50776,100,0,1,0,0,1,0,0,0,375,294,1054,645
SUB894,SITE003,974,3,28,44.18064,100,0,1,0,1,0,0,1,0,502,507,1363,1014
SUB895,SITE003,582,0,25,84.1428,100,0,1,0,0,1,0,0,0,264,379,950,1652
SUB896,SITE003,985,3,26,63.504,90,0,1,813,0,1,0,1,1,287,238,1223,882
SUB897,SITE003,150,2,43,69.4008,90,1,1,1000,1,1,1,1,1,186,138,1889,2232
SUB898,SITE003,263,0,46,90.72,100,0,1,855,1,1,0,0,1,275,277,1822,1368
SUB899,SITE003,1132,3,29,69.4008,90,0,1,1528,0,1,0,1,0,499,591,1002,1096
SUB900,SITE003,1090,0,28,83.32632,90,0,1,510,0,1,0,0,0,334,266,1127,896
SUB901,SITE003,286,2,26,75.13802,100,0,1,1231,0,1,0,1,1,216,240,660,761
SUB902,SITE003,284,0,50,97.0704,90,0,1,957,0,1,1,0,1,163,138,408,286
SUB903,SITE003,1123,0,37,94.8024,90,0,1,732,0,1,0,0,1,494,451,1059,1036
SUB904,SITE003,254,3,55,77.7924,90,0,1,1146,1,1,0,1,1,160,129,1076,631
SUB905,SITE003,1130,1,34,74.3904,100,0,1,985,0,1,0,1,0,449,608,1337,996
SUB906,SITE003,839,0,31,58.8,100,1,1,764,1,1,1,0,0,203,166,820,618
SUB907,SITE003,1116,2,48,82.3284,90,0,1,829,0,1,0,1,0,332,419,618,538
SUB908,SITE003,1080,3,29,88.9056,90,0,1,0,1,1,0,1,0,437,569,2753,4113
SUB909,SITE003,786,2,36,71.8956,90,0,1,403,0,1,1,1,1,224,122,743,720
SUB910,SITE003,1019,0,36,77.112,90,1,1,433,0,1,1,0,1,296,312,1013,832
SUB911,SITE003,980,3,32,82.1016,100,0,1,0,0,1,1,1,0,224,332,1078,1173
SUB912,SITE003,1123,3,30,98.4312,90,0,1,0,0,1,0,1,0,417,772,702,749
SUB913,SITE003,1123,2,36,73.0296,90,0,1,578,0,1,1,1,0,311,359,812,815
SUB914,SITE003,1112,3,25,66.5,90,0,1,0,0,1,0,1,0,420,477,819,584
SUB915,SITE003,286,0,41,62.1432,90,0,1,103,1,1,0,0,1,299,323,494,849
SUB916,SITE003,1116,2,48,45.4,90,0,1,0,0,0,0,1,0,436,509,519,510
SUB917,SITE003,1102,2,45,67.5864,90,0,1,494,0,1,1,1,0,408,354,395,398
SUB918,SITE003,493,1,30,60.102,100,0,1,430,0,1,0,1,0,162,165,1294,900
SUB919,SITE003,1109,2,43,65.772,90,0,1,320,0,0,1,1,0,375,570,806,967
SUB920,SITE003,1104,1,41,74.3904,90,0,1,111,1,0,0,1,0,360,715,707,677
SUB921,SITE003,1109,1,31,42.4116,80,0,1,99,1,0,0,1,0,448,320,749,730
SUB922,SITE003,823,0,44,82.1016,90,0,1,749,0,1,0,0,1,219,258,604,882
SUB923,SITE003,1087,0,29,57.1536,100,0,1,68,1,0,0,0,0,448,681,721,770
SUB924,SITE003,1022,1,43,69.4008,90,0,1,0,0,1,0,1,0,293,313,890,613
SUB925,SITE003,470,1,27,79.38,90,0,1,55,0,1,0,1,0,330,326,1738,1399
SUB926,SITE003,1088,2,28,92.7,100,0,1,38,1,1,0,1,0,433,402,836,642
SUB927,SITE003,832,3,39,45.8136,90,0,1,723,1,0,0,1,1,207,356,1261,1236
SUB928,SITE003,1087,1,35,97.5,100,0,1,585,1,1,0,1,0,396,522,968,929
SUB929,SITE003,138,1,35,88.6788,90,0,1,0,1,1,1,1,1,345,372,927,1039
SUB930,SITE003,1074,0,27,76.2048,90,0,1,0,0,1,0,0,0,456,438,757,632
SUB931,SITE003,476,3,26,57.834,90,0,1,0,1,0,0,1,1,218,327,990,1155
SUB932,SITE003,1133,3,36,63.0504,90,0,1,493,0,1,0,1,0,243,276,680,629
SUB933,SITE003,571,0,30,90.0396,100,0,1,106,1,1,0,0,1,329,307,1254,1233
SUB934,SITE003,25,1,26,63.6,90,0,1,0,0,1,0,1,1,307,411,443,523
SUB935,SITE003,834,0,29,81.4212,100,0,1,0,0,1,0,0,0,356,433,828,684
SUB936,SITE003,833,2,57,57.1536,90,0,1,193,1,0,0,1,0,498,263,659,323
SUB937,SITE003,1000,3,41,63.0504,100,0,1,245,1,1,0,1,1,174,276,296,328
SUB938,SITE003,1123,2,36,81.1944,90,0,1,0,0,1,0,1,0,421,536,590,522
SUB939,SITE003,1112,3,45,78.9264,90,0,1,369,0,1,0,1,0,512,474,1901,1489
SUB940,SITE003,1116,1,40,75.2976,90,0,1,25,0,1,0,1,0,434,617,1236,940
SUB941,SITE003,1119,0,30,78,90,0,1,0,0,1,0,0,0,422,510,1040,858
SUB942,SITE003,925,0,37,88.6788,90,0,1,0,0,1,0,0,1,355,370,595,349
SUB943,SITE003,1049,3,39,73.0296,100,0,1,0,0,1,0,1,0,226,383,761,995
SUB944,SITE003,479,2,27,53.16192,90,0,1,0,0,0,1,1,1,230,287,1014,561
SUB945,SITE003,329,3,26,77.112,80,0,1,0,0,1,0,1,1,172,149,2267,1621
SUB946,SITE003,795,0,38,130.6368,90,0,1,0,0,0,0,0,1,385,394,949,659
SUB947,SITE003,452,0,29,79.38,90,0,1,0,1,0,0,0,1,264,330,644,617
SUB948,SITE003,552,1,30,83.8,90,0,1,0,0,1,0,1,1,249,433,1341,847
SUB949,SITE003,306,2,49,59.1948,90,0,1,0,0,0,0,1,1,331,320,471,368
SUB950,SITE003,681,2,36,50.3496,100,0,1,0,1,0,0,1,1,332,663,1016,832
SUB951,SITE003,942,0,35,51.2568,90,0,1,0,1,0,0,0,1,549,415,1222,711
SUB952,SITE003,1173,1,47,72.3,100,0,1,447,0,1,0,1,0,210,464,481,1347
SUB953,SITE003,1194,0,41,73.8,100,0,1,191,0,1,0,0,0,461,424,691,623
SUB954,SITE003,1195,1,55,76.6584,90,0,1,1759,0,1,0,1,0,460,453,1335,1380
SUB955,SITE003,302,3,40,78.2,100,0,1,685,0,1,0,1,1,251,341,610,1023
SUB956,SITE003,230,3,34,68.04,100,0,1,883,0,1,0,1,0,385,211,816,782
SUB957,SITE003,739,1,31,57.6072,100,0,1,0,1,0,0,1,0,468,584,576,482
SUB958,SITE003,1095,3,46,62.23392,100,0,1,1218,0,1,0,1,1,282,184,747,512
SUB959,SITE003,540,2,31,68.04,100,0,1,1147,0,1,0,1,1,660,842,1822,2028
SUB960,SITE003,869,3,34,72.7,100,0,1,225,1,1,0,1,0,279,357,993,1015
SUB961,SITE003,482,0,22,77.112,100,0,1,1051,0,1,0,0,1,364,224,1295,694
SUB962,SITE003,1160,2,33,75.4,100,0,1,915,0,1,0,1,0,439,365,1117,1003
SUB963,SITE003,730,1,29,68.9472,100,0,1,57,1,0,0,1,1,421,551,662,836
SUB964,SITE003,368,3,37,70.7616,90,0,1,0,1,1,0,1,0,207,353,618,953
SUB965,SITE003,1067,1,45,82.782,100,0,1,0,0,1,1,1,0,288,423,502,700
SUB966,SITE003,927,3,36,66.2256,100,0,1,307,1,0,1,1,0,350,347,655,620
SUB967,SITE003,585,0,29,69.4008,90,0,1,893,0,0,1,0,1,236,153,542,419
SUB968,SITE003,1087,1,37,74.3904,100,0,1,145,1,1,0,1,0,314,238,1313,1030
SUB969,SITE003,250,3,35,105.6888,100,0,1,0,0,0,0,1,1,281,172,766,624
SUB970,SITE003,1049,1,56,82.1016,95,0,1,0,1,1,0,1,0,460,602,519,369
SUB971,SITE003,961,2,39,85.2768,90,0,1,0,0,1,0,1,1,180,475,274,950
SUB972,SITE003,1000,0,25,48.3084,100,0,1,0,1,0,0,0,0,410,217,760,549
SUB973,SITE003,919,1,56,71.2152,80,0,1,858,1,1,0,1,0,341,646,773,1053
SUB974,SITE003,1085,2,29,71.8,90,0,1,161,1,1,0,1,0,479,454,959,718
SUB975,SITE003,745,0,35,77.7,90,0,1,248,1,1,0,0,0,341,372,1058,922
SUB976,SITE003,482,0,36,75.4,80,0,1,127,0,1,0,0,0,395,471,1059,807
SUB977,SITE003,1120,2,37,63.6,90,0,1,0,1,1,0,1,0,263,374,677,1106
SUB978,SITE003,1085,3,44,84.3696,80,0,1,1137,1,1,0,1,1,359,431,1040,1438
SUB979,SITE003,1011,2,49,115.668,100,0,1,0,1,1,0,1,0,442,461,1794,883
SUB980,SITE003,1044,3,45,69.8544,90,0,1,4,1,1,0,1,0,470,374,986,698
SUB981,SITE003,1002,3,50,65,90,0,1,0,1,1,0,1,0,452,465,1583,1175
SUB982,SITE003,406,1,35,81.1,100,1,1,551,0,1,0,1,1,174,207,1394,1551
SUB983,SITE003,1180,1,29,88.6,100,0,1,0,1,1,0,1,0,380,634,1673,2462
SUB984,SITE003,1079,2,38,83.6,100,0,1,0,0,1,0,1,0,276,415,414,860
SUB985,SITE003,1120,2,28,62.5,100,0,1,68,0,1,0,1,1,226,313,950,816
SUB986,SITE003,1163,3,32,73.4,90,0,1,0,1,1,0,1,0,441,383,1123,1072
SUB987,SITE003,1174,1,30,77.3,100,0,1,0,0,1,0,1,0,309,666,806,1110
SUB988,SITE003,1081,3,49,76.5,100,0,1,0,1,1,0,1,1,335,234,2312,955
SUB989,SITE003,825,0,47,93.2,100,0,1,405,1,1,0,0,0,476,417,680,888
SUB990,SITE003,1120,1,39,110.7,100,0,1,109,0,1,0,1,1,230,285,1518,1685
SUB991,SITE003,1146,1,59,58.6,100,0,1,763,1,0,0,1,0,339,368,1113,1103
SUB992,SITE003,1070,0,38,49.8,90,0,1,354,1,0,0,0,0,357,376,796,1228
SUB993,SITE003,1139,0,62,95.4,100,0,1,1798,1,1,0,0,0,287,282,620,915
SUB994,SITE003,720,3,42,65.4,90,0,1,340,1,1,0,1,0,238,265,677,1005
SUB995,SITE003,783,3,33,73.2,90,0,1,0,1,1,0,1,1,464,491,524,672
SUB996,SITE003,1024,0,29,61.4,100,0,1,335,1,0,0,0,0,272,264,1071,1232
SUB997,SITE003,713,2,32,92.7,90,0,1,304,0,1,0,1,0,289,336,714,687
SUB998,SITE003,1055,3,44,77.3,90,0,1,0,0,1,0,1,0,559,707,805,728
SUB999,SITE003,958,2,37,59.1,90,0,1,0,0,0,0,1,1,213,252,515,557
SUB1000,SITE003,517,2,32,71.4,90,0,1,154,0,1,0,1,1,216,346,744,1038
SUB1001,SITE003,1093,2,39,80.9,90,0,1,1265,1,0,0,1,0,408,380,952,745
SUB1002,SITE003,1103,3,38,82.2,100,0,1,0,0,1,0,1,0,316,335,1402,1094
SUB1003,SITE003,1081,2,35,62.3,90,0,1,493,1,0,0,1,0,401,400,836,713
SUB1004,SITE003,993,3,31,70,100,0,1,365,1,0,0,1,0,376,357,1013,1174
SUB1005,SITE003,1076,1,43,70.5,100,0,1,0,1,0,0,1,0,415,443,1853,1246
SUB1006,SITE003,557,2,31,75.13802,100,0,1,0,1,1,0,1,1,224,346,776,562
SUB1007,SITE003,477,2,35,79,100,0,1,142,1,1,0,1,1,300,246,1073,930
SUB1008,SITE003,975,0,32,86.184,90,0,1,304,0,1,0,0,0,379,358,728,944
SUB1009,SITE003,1080,1,27,57.6072,90,0,1,945,0,1,1,1,1,453,367,1550,1154
SUB1010,SITE003,702,1,33,71.6688,90,0,1,838,0,1,1,1,1,210,149,602,586
SUB1011,SITE003,1165,0,32,100.6992,90,0,1,213,0,1,1,0,0,375,343,1028,920
SUB1012,SITE003,736,2,30,80.7408,100,0,1,0,0,1,0,1,1,389,408,1355,941
SUB1013,SITE003,1016,0,31,102.06,90,1,1,307,0,1,0,0,1,262,258,622,638
SUB1014,SITE003,872,2,45,71.6688,100,0,1,875,0,1,0,1,0,397,598,1455,1403
SUB1015,SITE003,312,0,33,67.7,100,0,1,0,1,1,0,0,1,267,126,1469,1083
SUB1016,SITE003,1076,3,36,58.0608,90,0,1,855,1,0,0,1,1,342,158,1229,713
SUB1017,SITE003,1103,2,39,98.4312,100,0,1,0,0,1,0,1,0,410,530,1426,1304
SUB1018,SITE003,1132,0,36,84.3696,90,0,1,0,0,1,0,0,0,360,376,1287,1241
SUB1019,SITE003,1126,2,36,86.184,90,0,1,1111,0,1,0,1,0,413,345,1084,642
SUB1020,SITE003,318,1,25,67.5864,100,0,1,365,0,1,1,1,1,298,307,1428,1557
SUB1021,SITE003,299,2,47,95.2,80,0,1,730,0,1,1,1,1,254,222,2792,2534
SUB1022,SITE003,1117,1,44,82.1016,90,0,1,602,0,1,0,1,0,423,517,1111,1193
SUB1023,SITE003,1110,1,40,79.38,90,0,1,31,0,1,0,1,0,386,476,2012,2232
SUB1024,SITE003,1112,0,37,85.7304,100,0,1,0,1,1,0,0,0,352,343,975,1029
SUB1025,SITE003,1043,3,32,76.6584,100,0,1,31,0,1,0,1,0,245,192,1428,852
SUB1026,SITE003,393,0,30,70.7616,100,0,1,0,1,1,0,0,0,331,191,1510,919
SUB1027,SITE003,1077,1,47,85.2768,90,0,1,0,0,1,0,1,0,286,468,571,646
SUB1028,SITE003,1077,1,36,84.3696,100,0,1,0,0,1,0,1,0,400,373,2185,1913
SUB1029,SITE003,983,0,39,78.4728,100,0,1,0,0,1,0,0,1,361,379,984,1033
SUB1030,SITE003,639,0,35,73.9368,100,0,1,879,1,0,0,0,0,213,238,1132,750
SUB1031,SITE003,589,1,24,61.236,90,0,1,0,1,1,0,1,1,276,162,1381,1247
SUB1032,SITE003,1026,0,33,66.6792,100,0,1,0,1,0,0,0,0,341,593,1112,889
SUB1033,SITE003,1010,3,42,103.4208,90,0,1,0,0,1,0,1,0,318,485,438,523
SUB1034,SITE003,638,3,38,76.2048,100,0,1,0,1,1,0,1,1,199,295,707,900
SUB1035,SITE003,986,3,29,64.4112,100,0,1,1668,1,1,0,1,0,392,513,771,1067
SUB1036,SITE003,1059,3,47,71.2152,100,0,1,67,1,0,0,1,0,162,264,459,573
SUB1037,SITE003,1095,3,42,69.8544,100,0,1,230,1,0,0,1,0,429,468,1267,920
SUB1038,SITE003,1096,1,31,80.2872,100,0,1,238,1,1,0,1,0,290,244,828,585
SUB1039,SITE003,1091,0,37,75.13802,100,0,1,650,1,0,0,0,0,279,306,354,444
SUB1040,SITE003,1090,2,42,67.1328,100,0,1,822,0,0,0,1,0,388,343,1040,710
SUB1041,SITE003,1091,1,34,61.6896,100,0,1,249,1,0,0,1,0,247,201,982,1240
SUB1042,SITE003,520,0,42,86.8644,100,0,1,25,1,0,1,0,1,242,219,516,465
SUB1043,SITE003,1087,3,29,58.2876,100,0,1,959,1,0,0,1,0,324,280,713,714
SUB1044,SITE003,948,0,30,70.7616,100,0,1,230,0,0,0,0,1,346,300,337,318
SUB1045,SITE003,569,1,27,59.4216,100,0,1,0,1,1,0,1,1,179,325,391,800
SUB1046,SITE003,1097,3,34,100.3,100,0,1,1019,0,1,0,1,0,365,370,499,392
SUB1047,SITE003,1056,0,37,63,100,0,1,768,1,0,0,0,0,421,346,2398,2190
SUB1048,SITE003,1089,1,31,41,100,0,1,1027,0,0,0,1,0,714,330,1155,585
SUB1049,SITE003,1091,3,40,72.7,100,0,1,668,0,0,1,1,0,313,479,708,942
SUB1050,SITE003,1002,2,30,79.5,100,0,1,1633,1,1,0,1,1,235,233,1529,1495
SUB1051,SITE003,1088,1,31,69,100,0,1,402,1,0,0,1,0,363,277,596,388
SUB1052,SITE003,1153,2,32,77,100,0,1,847,1,0,0,1,0,342,490,1108,1248
SUB1053,SITE003,211,0,34,61.2,100,0,1,329,1,0,0,0,1,212,135,899,785
SUB1054,SITE003,964,0,33,68,100,0,1,842,0,1,0,0,1,304,264,632,549
SUB1055,SITE003,1147,3,38,95.5,100,0,1,909,1,1,0,1,0,411,358,1276,1173
SUB1056,SITE003,1133,0,45,69.5,100,0,1,329,1,0,0,0,0,312,333,1168,1103
SUB1057,SITE003,383,3,37,69,100,0,1,0,1,0,0,1,0,209,251,653,541
SUB1058,SITE003,1001,1,24,60,100,0,1,359,1,0,0,1,1,324,269,624,560
SUB1059,SITE003,1084,0,26,67.6,100,0,1,0,0,0,0,0,0,512,566,800,711
SUB1060,SITE003,968,1,33,43.8,100,0,1,0,0,0,0,1,1,263,315,305,247
SUB1061,SITE003,999,2,39,127.7,100,0,1,0,1,1,0,1,0,508,557,853,783
SUB1062,SITE003,890,0,31,58.0608,100,0,1,0,1,0,0,0,1,419,310,679,480
SUB1063,SITE003,678,3,38,70.7616,100,0,1,1673,0,1,0,1,1,317,285,716,516
SUB1064,SITE003,1119,0,34,55.3392,100,0,1,1635,0,0,0,0,0,337,336,622,661
SUB1065,SITE003,991,0,41,61.236,100,0,1,195,1,0,0,0,0,459,414,604,457
SUB1066,SITE003,1008,2,45,58.5144,100,0,1,1651,1,0,0,1,0,357,332,611,550
SUB1067,SITE003,1147,2,35,57.1536,100,0,1,1420,1,0,0,1,0,463,489,594,554
SUB1068,SITE003,561,3,45,64.4112,100,0,1,1583,1,0,0,1,0,273,273,1190,1209
SUB1069,SITE003,1030,2,50,53.5248,100,0,1,1648,1,0,0,1,0,481,372,944,485
SUB1070,SITE003,1087,0,40,71.6688,100,0,1,0,1,0,0,0,0,440,499,493,353
SUB1071,SITE003,963,1,42,73.0296,100,0,1,676,0,1,0,1,1,245,384,561,753
SUB1072,SITE003,1003,3,31,57.6072,100,0,1,1356,1,0,0,1,1,368,403,352,393
SUB1073,SITE003,955,2,52,55.3392,100,0,1,1439,1,0,0,1,0,493,430,1114,925
SUB1074,SITE003,1140,1,41,76.2048,100,0,1,289,1,1,0,1,0,336,280,896,871
SUB1075,SITE003,1064,1,22,47.628,100,0,1,200,1,0,0,1,1,303,319,744,613
SUB1076,SITE003,1109,2,29,45.8136,100,0,1,671,1,0,0,1,0,237,267,748,788
SUB1077,SITE003,1103,3,33,79.8336,100,0,1,436,1,0,0,1,0,209,239,823,567
SUB1078,SITE003,491,0,36,80.7408,100,0,1,0,1,0,0,0,0,211,291,1007,1224
SUB1079,SITE003,513,2,20,84.8232,100,0,1,0,0,1,1,1,1,422,574,1356,1053
SUB1080,SITE003,1063,2,37,58.5144,100,0,1,0,1,0,0,1,0,223,288,404,391
SUB1081,SITE003,970,1,39,100.4724,100,0,1,0,1,1,0,1,0,297,393,669,682
SUB1082,SITE003,445,1,35,63.5,90,0,1,1272,0,1,0,1,1,278,285,520,230
SUB1083,SITE003,313,3,38,74.3904,90,0,1,374,0,1,0,1,0,146,130,1774,1469
SUB1084,SITE003,1155,3,38,88.2,90,0,1,355,0,1,0,1,0,342,301,1095,1234
SUB1085,SITE003,400,0,30,149,90,0,1,0,0,1,0,0,1,345,152,1052,760
SUB1086,SITE003,1165,2,35,60.3288,90,0,1,665,0,1,1,1,0,400,380,1554,1089
SUB1087,SITE003,566,0,31,72.1224,100,0,1,807,0,1,0,0,0,443,360,1129,823
SUB1088,SITE003,1058,2,45,68.4936,100,0,1,818,0,1,0,1,0,242,309,653,649
SUB1089,SITE003,1087,3,41,71.442,100,0,1,802,0,1,0,1,0,216,332,1451,1190
SUB1090,SITE003,1140,2,41,69.4008,100,0,1,739,1,1,0,1,0,204,338,417,500
SUB1091,SITE003,1090,2,40,74.3904,100,0,1,782,0,1,0,1,0,400,470,1178,960
SUB1092,SITE003,1139,3,34,61.6896,100,0,1,930,1,1,0,1,0,336,285,1344,887
SUB1093,SITE003,1013,2,32,73.9,100,0,1,902,0,1,1,1,1,296,362,1706,1120
SUB1094,SITE003,826,3,38,89.3592,90,0,1,792,0,1,1,1,1,349,312,562,520
SUB1095,SITE003,1224,0,35,66.6792,100,0,1,1232,0,1,0,0,0,530,568,1267,1277
SUB1096,SITE003,1055,0,44,83.916,100,0,1,793,0,1,0,0,0,450,454,791,738
SUB1097,SITE003,1154,3,35,75.13802,100,0,1,869,1,1,0,1,1,516,411,1243,1211
SUB1098,SITE003,476,2,47,64.638,100,0,1,1360,0,1,0,1,0,496,399,992,784
SUB1099,SITE003,1154,1,37,89.04168,100,0,1,882,0,1,0,1,0,384,472,1151,964
SUB1100,SITE003,1036,1,26,67.5864,100,0,1,792,0,1,0,1,1,257,378,368,605
SUB1101,SITE003,1109,3,31,69.4008,90,0,1,30,1,1,0,1,1,400,323,743,620
SUB1102,SITE003,381,3,41,69.4008,100,0,1,168,0,1,1,1,1,258,265,1548,1457
SUB1103,SITE003,1159,1,39,81.648,90,0,1,482,0,1,0,1,0,358,5100,1574,1242
SUB1104,SITE003,653,3,29,53.0712,90,0,1,0,0,1,0,1,1,477,400,1034,1475
SUB1105,SITE003,627,0,62,76.4316,90,0,1,0,0,1,0,0,1,408,257,1392,1244
SUB1106,SITE003,1160,0,33,60.7824,90,1,1,497,1,1,1,0,0,348,221,1326,698
SUB1107,SITE003,559,0,30,89.8128,100,0,1,793,0,1,0,0,0,290,176,1352,934
SUB1108,SITE003,226,0,36,66.6792,90,0,1,728,0,0,1,0,1,278,224,955,964
SUB1109,SITE003,1006,0,49,91.1736,90,0,1,0,0,1,1,0,0,331,363,1426,877
SUB1110,SITE003,1152,1,33,67.8132,100,0,1,0,0,1,0,1,0,404,464,558,548
SUB1111,SITE003,1224,1,32,70.7616,90,0,1,0,0,1,0,1,0,370,635,959,1293
SUB1112,SITE003,1151,2,42,93.4416,100,0,1,372,0,1,1,1,0,516,483,716,869
SUB1113,SITE003,939,2,24,71.6688,90,0,1,0,0,1,1,1,1,372,321,1066,1232
SUB1114,SITE003,169,0,49,82.1016,100,0,1,480,0,1,0,0,1,425,246,2248,1814
SUB1115,SITE003,730,0,55,83.4624,100,0,1,168,0,1,0,0,0,312,247,1000,1199
SUB1116,SITE003,637,0,37,76.4316,100,0,1,298,0,1,0,0,0,548,636,979,1181
SUB1117,SITE003,646,3,27,65.3184,90,0,1,460,0,1,0,1,1,284,252,537,780
SUB1118,SITE003,895,0,31,86.6376,90,0,1,333,0,1,0,0,0,343,300,1244,1220
SUB1119,SITE003,1217,3,39,96.1632,90,0,1,0,0,1,1,1,0,411,679,1020,1334
SUB1120,SITE003,1224,3,53,97.524,90,0,1,0,0,1,0,1,0,374,506,1342,1012
SUB1121,SITE003,706,2,35,91.6272,90,0,1,0,0,1,1,1,0,281,353,1161,1149
SUB1122,SITE003,478,2,54,60.7824,90,0,1,178,0,1,0,1,0,246,157,1230,879
SUB1123,SITE003,504,0,20,72.7,90,0,1,21,0,1,0,0,1,283,334,694,836
SUB1124,SITE003,1191,1,26,69.4008,100,0,1,272,1,1,0,1,0,324,339,1044,1169
SUB1125,SITE003,644,3,30,53.3,100,0,1,302,0,1,1,1,0,578,524,849,1149
SUB1126,SITE003,347,0,31,81.8748,90,0,1,0,0,1,0,0,1,354,297,680,659
SUB1127,SITE003,1182,3,30,82.3,90,0,1,85,1,1,0,1,0,357,357,821,1032
SUB1128,SITE003,147,0,32,83.2,90,0,1,7,1,1,0,0,1,234,108,1250,461
SUB1129,SITE003,1148,2,31,75.7,100,0,1,0,0,1,1,1,0,540,551,660,630
SUB1130,SITE003,1070,1,29,65.5,100,0,1,367,1,1,0,1,0,431,420,843,745
SUB1131,SITE003,898,1,30,64.5,100,0,1,45,0,1,1,1,0,350,292,833,794
SUB1132,SITE003,959,3,23,85.5,90,0,1,0,1,1,0,1,0,715,716,770,774
SUB1133,SITE003,1074,1,33,80.1,90,0,1,679,1,1,0,1,0,426,460,706,609
SUB1134,SITE003,1099,3,30,72.7,90,0,1,539,0,1,0,1,1,311,360,1408,1802
SUB1135,SITE003,1084,3,27,62,100,0,1,149,1,1,0,1,0,378,580,892,1136
SUB1136,SITE003,963,1,27,75.8,90,0,1,0,1,1,0,1,0,689,439,919,787
SUB1137,SITE003,1224,3,37,78.9264,90,0,1,0,0,1,0,1,0,462,528,776,688
SUB1138,SITE003,1161,2,27,87.318,100,0,1,0,0,1,0,1,0,560,470,980,635
SUB1139,SITE003,1203,1,37,92.5344,90,0,1,0,0,1,0,1,0,295,500,868,920
SUB1140,SITE003,1189,2,20,67.2,90,0,1,86,0,1,0,1,0,537,509,736,679
SUB1141,SITE003,1176,3,29,78.4728,90,0,1,0,1,1,0,1,1,229,249,688,611
SUB1142,SITE003,484,3,37,78.0192,90,0,1,152,0,1,1,1,0,384,208,1537,1057
SUB1143,SITE003,1173,1,30,81.8748,100,0,1,0,0,1,0,1,0,476,496,1315,1250
SUB1144,SITE003,1167,1,33,80.514,90,0,1,90,1,1,0,1,0,246,365,1574,1740
SUB1145,SITE003,641,1,33,76.2048,90,0,1,0,0,1,0,1,1,1199,565,509,348
SUB1146,SITE003,1126,0,37,76.6584,90,0,1,0,0,1,0,0,0,416,467,1420,1454
SUB1147,SITE003,1138,2,26,65.3184,80,0,1,0,0,1,0,1,0,336,356,516,585
SUB1148,SITE003,1069,1,30,81.3,90,0,1,0,0,1,0,1,0,418,450,1722,1043
SUB1149,SITE003,319,1,23,78.4728,100,0,1,238,0,1,0,1,1,168,246,512,1214
SUB1150,SITE003,1132,1,69,81.648,100,0,1,0,0,1,0,1,0,455,566,2216,1220
SUB1151,SITE003,973,2,46,76.7,100,0,1,0,0,1,0,1,0,454,422,1115,784
SUB1152,SITE003,961,3,36,65.772,100,0,1,155,0,0,0,1,0,378,341,697,382
SUB1153,SITE003,406,0,19,50.8032,90,0,1,0,1,0,0,0,1,298,267,442,353
SUB1154,SITE003,1054,0,28,78.9264,90,0,1,0,0,1,1,0,0,506,342,758,459
SUB1155,SITE003,989,0,29,69.8544,90,0,1,5,0,1,0,0,1,414,447,920,801
SUB1156,SITE003,252,2,29,100.6992,90,0,1,0,0,1,1,1,1,562,444,978,586
SUB1157,SITE003,587,0,34,68.4936,90,0,1,0,1,1,0,0,1,416,656,1567,2333
SUB1158,SITE003,1039,2,48,69.8544,90,0,1,0,0,1,0,1,0,389,321,931,864
SUB1159,SITE003,636,3,27,86.184,90,0,1,0,1,1,0,1,0,123,157,780,941
SUB1160,SITE003,1018,3,70,63.0504,90,0,1,0,0,1,0,1,0,479,574,682,500
SUB1161,SITE003,1007,3,28,80.2872,90,0,1,0,1,1,0,1,0,558,516,1421,1247
SUB1162,SITE003,1004,1,28,65.772,90,0,1,0,1,1,0,1,0,467,423,1786,1230
SUB1163,SITE003,145,2,27,62.5968,90,0,1,0,1,1,0,1,1,270,242,917,983
SUB1164,SITE003,330,1,36,77.112,90,0,1,0,0,1,0,1,1,346,360,1018,719
SUB1165,SITE003,875,1,42,73,100,0,1,1224,0,1,1,1,1,340,276,1094,689
SUB1166,SITE003,1119,0,55,71.2152,90,1,1,89,1,1,0,0,1,448,379,752,798
SUB1167,SITE003,1146,1,44,69,100,0,1,933,0,1,0,1,0,580,537,2617,1896
SUB1168,SITE003,1119,0,30,57.6072,100,0,1,1003,0,0,0,0,0,672,642,636,686
SUB1169,SITE003,727,3,41,72,90,0,1,0,0,1,0,1,0,213,441,906,1232
SUB1170,SITE003,50,2,43,64.4112,70,0,1,29,0,1,1,1,1,164,52,944,927
SUB1171,SITE003,1144,3,38,78.4728,100,0,1,88,0,1,0,1,0,321,278,582,525
SUB1172,SITE003,977,1,32,72.2,100,0,1,113,0,1,0,1,0,225,234,503,629
SUB1173,SITE003,570,0,48,112,100,0,1,548,0,0,0,0,0,124,172,715,1320
SUB1174,SITE003,992,1,40,66.3,100,0,1,382,1,1,0,1,0,197,429,531,902
SUB1175,SITE003,977,2,39,91,100,0,1,178,0,1,0,1,1,653,395,1359,756
SUB1176,SITE003,981,2,35,73.71,100,0,1,0,0,1,0,1,1,236,281,593,634
SUB1177,SITE003,988,1,38,50,100,0,1,0,0,0,0,1,1,275,515,946,1361
SUB1178,SITE003,1112,3,30,129,100,0,1,0,1,1,0,1,0,299,332,1228,1250
SUB1179,SITE003,1095,0,29,61.5,100,0,1,382,1,1,0,0,0,360,342,650,912
SUB1180,SITE003,1091,1,41,58,100,0,1,0,1,0,0,1,0,413,623,1106,1102
SUB1181,SITE003,334,2,36,69.5,90,0,1,799,0,0,0,1,1,215,178,265,311
SUB1182,SITE003,1088,2,36,65.9,100,0,1,503,1,1,0,1,0,237,383,919,1042
SUB1183,SITE003,993,3,32,63.6,100,0,1,353,0,0,0,1,1,275,473,301,715
SUB1184,SITE003,1088,0,28,63.6,90,0,1,728,1,1,0,0,0,267,274,721,929
SUB1185,SITE003,1087,3,35,59.1,100,0,1,33,0,0,0,1,0,327,560,740,613
SUB1186,SITE003,727,0,42,72.576,100,0,1,0,0,1,0,0,1,316,221,841,731
SUB1187,SITE003,1049,3,38,55.7928,100,0,1,770,0,0,0,1,0,482,237,684,441
SUB1188,SITE003,1059,3,35,62.1432,100,0,1,0,0,1,0,1,0,225,547,321,651
SUB1189,SITE003,749,2,29,66.6792,100,0,1,0,1,1,0,1,1,286,379,784,752
SUB1190,SITE003,901,2,35,75.13802,100,0,1,0,0,1,0,1,1,399,500,1920,1261
SUB1191,SITE003,1020,1,36,62.7,100,0,1,0,0,0,0,1,0,670,693,1571,871
SUB1192,SITE003,971,3,36,78.246,90,0,1,0,1,0,0,1,1,379,243,740,827
SUB1193,SITE003,852,0,45,70.9,100,0,1,0,1,0,0,0,1,422,401,673,633
SUB1194,SITE003,667,1,27,75.3,100,0,1,0,0,1,0,1,1,499,330,870,599
SUB1195,SITE003,986,0,37,78.5,100,0,1,0,0,1,0,0,0,410,397,623,525
SUB1196,SITE003,1089,0,35,61.236,90,0,1,1253,0,1,1,0,0,643,515,1285,1148
SUB1197,SITE003,140,0,34,63.59472,100,0,1,1356,0,1,1,0,1,360,142,895,614
SUB1198,SITE003,1088,3,43,61.236,90,0,1,1420,0,1,0,1,0,286,325,602,568
SUB1199,SITE003,812,0,29,74.844,100,0,1,889,0,1,1,0,0,323,372,576,655
SUB1200,SITE003,468,0,40,88.9056,90,0,1,804,0,1,0,0,1,248,371,1861,2486
SUB1201,SITE003,1077,1,34,57.6072,80,0,1,1292,0,1,1,1,1,200,407,380,814
SUB1202,SITE003,392,2,45,86.184,90,0,1,1594,0,1,1,1,0,174,179,392,472
SUB1203,SITE003,1064,1,33,89.3592,100,0,1,925,0,1,1,1,0,194,321,1162,1478
SUB1204,SITE003,1157,0,34,64.4112,70,0,1,930,0,1,0,0,0,351,371,1109,965
SUB1205,SITE003,1087,3,32,74.844,100,0,1,1475,0,1,0,1,0,362,640,742,1229
SUB1206,SITE003,1154,2,48,71.8956,100,0,1,370,0,1,0,1,0,282,353,780,761
SUB1207,SITE003,391,3,38,64.4112,90,0,1,917,0,1,0,1,0,175,131,460,737
SUB1208,SITE003,308,2,45,73.0296,90,0,1,1113,0,1,0,1,0,309,237,988,1067
SUB1209,SITE003,1081,1,45,86.6376,100,0,1,0,0,1,0,1,0,423,615,847,884
SUB1210,SITE003,223,0,42,62.5968,90,0,1,768,0,1,0,0,1,187,98,827,885
SUB1211,SITE003,1157,2,33,72.48528,90,0,1,75,0,1,0,1,0,508,600,1220,1028
SUB1212,SITE003,980,1,30,69.8544,90,0,1,167,0,0,1,1,1,184,214,605,642
SUB1213,SITE003,1090,1,34,68.4936,90,0,1,796,0,0,1,1,0,347,342,732,550
SUB1214,SITE003,1139,2,43,71.8956,100,0,1,686,0,1,0,1,0,524,442,1373,1225
SUB1215,SITE003,559,1,35,90.9468,80,0,1,630,0,1,1,1,0,259,343,609,884
SUB1216,SITE003,231,3,29,73.71,90,0,1,33,1,1,1,1,1,186,131,529,608
SUB1217,SITE003,810,3,32,78.4728,100,0,1,0,0,1,0,1,0,306,267,572,576
SUB1218,SITE003,1032,0,54,73.2564,90,0,1,0,0,1,1,0,0,271,281,825,637
SUB1219,SITE003,982,3,42,70.308,90,0,1,857,0,1,1,1,0,285,237,1030,920
SUB1220,SITE003,1158,3,34,76.8852,90,0,1,0,0,1,1,1,0,376,582,2444,1965
SUB1221,SITE003,476,3,23,53.9784,80,0,1,816,0,1,0,1,0,208,171,847,539
SUB1222,SITE003,1129,3,35,67.5864,100,1,1,755,1,0,0,1,0,259,205,549,380
SUB1223,SITE003,1102,1,30,85.2768,100,0,1,108,0,1,1,1,0,338,389,648,706
SUB1224,SITE003,993,1,40,73.0296,100,0,1,650,1,1,0,1,0,163,184,581,830
SUB1225,SITE003,744,3,32,77.112,90,0,1,24,0,1,1,1,1,370,475,601,931
SUB1226,SITE003,310,0,26,68.9472,90,1,1,561,0,1,0,0,0,297,161,1188,756
SUB1227,SITE003,799,0,42,71.6688,100,0,1,0,0,1,1,0,0,180,246,623,738
SUB1228,SITE003,733,1,38,82.3284,100,0,1,287,0,1,0,1,0,446,545,601,390
SUB1229,SITE003,1157,3,26,76.6584,90,0,1,0,0,1,0,1,0,369,360,534,559
SUB1230,SITE003,1105,0,35,87.0912,90,0,1,795,1,1,1,0,0,369,289,654,474
SUB1231,SITE003,1094,3,33,78.6996,100,0,1,188,0,1,1,1,0,269,378,1025,978
SUB1232,SITE003,903,2,27,81.78408,100,0,1,0,0,1,0,1,0,471,705,886,992
SUB1233,SITE003,658,2,39,63.9576,100,0,1,0,0,1,0,1,0,342,396,699,908
SUB1234,SITE003,1101,1,48,82.5552,100,0,1,678,0,1,0,1,0,257,393,1726,2789
SUB1235,SITE003,1089,3,38,77.7924,100,0,1,629,0,1,1,1,0,328,423,756,747
SUB1236,SITE003,1012,2,40,92.5344,100,0,1,1169,0,1,0,1,1,264,314,594,702
SUB1237,SITE003,1154,1,26,92.0808,90,0,1,0,0,1,0,1,0,375,708,1971,3407
SUB1238,SITE003,1102,2,44,66.2256,90,0,1,0,0,1,1,1,0,197,232,552,381
SUB1239,SITE003,1124,1,29,65.3184,100,0,1,0,0,1,0,1,0,532,686,684,704
SUB1240,SITE003,1157,2,37,82.782,100,0,1,0,0,1,1,1,0,440,554,752,1036
SUB1241,SITE003,446,3,28,81.1944,100,0,1,0,0,1,0,1,1,370,491,924,716
SUB1242,SITE003,1158,0,45,63.0504,80,0,1,0,0,1,0,0,0,218,284,921,1229
SUB1243,SITE003,1095,2,46,54.8856,90,0,1,304,0,1,1,1,0,193,292,370,547
SUB1244,SITE003,1159,3,26,90.72,90,0,1,741,1,0,1,1,0,419,581,789,769
SUB1245,SITE003,586,0,21,112.4928,100,0,1,0,1,1,0,0,1,382,387,1314,1343
SUB1246,SITE003,1139,1,24,102.06,100,0,1,138,1,1,0,1,0,387,422,1462,1391
SUB1247,SITE003,223,3,34,91.1736,90,0,1,46,0,1,0,1,1,232,200,1391,1872
SUB1248,SITE003,472,0,27,97.9776,100,0,1,934,0,0,1,0,1,386,337,806,931
SUB1249,SITE003,1138,2,27,70.7616,100,0,1,289,0,1,0,1,0,410,434,850,632
SUB1250,SITE003,1123,1,29,86.72832,100,0,1,20,0,1,0,1,0,218,303,1142,1492
SUB1251,SITE003,1041,0,52,90.58392,90,0,1,103,0,1,0,0,1,390,441,780,900
SUB1252,SITE003,1084,3,29,78.0192,100,0,1,0,0,1,1,1,0,372,500,1032,1134
SUB1253,SITE003,389,3,26,68.04,90,0,1,930,0,1,0,1,1,282,422,894,1290
SUB1254,SITE003,370,2,28,78.4728,100,0,1,0,0,1,0,1,1,425,498,979,789
SUB1255,SITE003,33,0,36,74.3904,80,0,1,381,0,1,1,0,1,173,160,724,649
SUB1256,SITE003,1088,2,32,80.7408,90,0,1,0,0,1,0,1,0,447,490,1247,1180
SUB1257,SITE003,1084,2,43,91.6272,90,0,1,0,0,1,1,1,0,249,259,1305,1254
SUB1258,SITE003,549,0,38,68.4936,100,0,1,370,1,0,0,0,0,198,202,1334,1753
SUB1259,SITE003,527,2,35,100.6992,100,0,1,0,0,0,0,1,1,465,637,1152,1421
SUB1260,SITE003,1073,1,36,78.0192,100,0,1,0,0,1,1,1,0,236,385,769,936
SUB1261,SITE003,1054,1,28,59.10408,80,0,1,1166,0,0,0,1,0,251,285,337,338
SUB1262,SITE003,1069,3,23,66.906,100,0,1,0,0,1,0,1,0,275,328,1248,984
SUB1263,SITE003,959,0,26,95.256,90,0,1,0,1,0,0,0,0,628,706,1984,1782
SUB1264,SITE003,1060,3,34,100.6992,100,0,1,0,1,1,0,1,0,503,567,1760,1157
SUB1265,SITE003,512,2,33,84.8232,90,0,1,0,1,1,0,1,1,352,493,1102,1049
SUB1266,SITE003,569,0,32,84.8232,100,0,1,0,1,1,0,0,0,289,349,1245,1855
SUB1267,SITE003,989,1,30,77.5656,90,0,1,0,1,1,0,1,0,309,318,910,477
SUB1268,SITE003,997,1,24,70.7616,100,0,1,0,1,0,0,1,0,622,585,1010,1073
SUB1269,SITE003,990,3,34,68.9472,100,0,1,0,0,1,0,1,0,459,443,1485,1269
SUB1270,SITE003,954,0,41,83.4624,90,0,1,0,0,1,1,0,1,198,281,1859,2190
SUB1271,SITE003,948,1,34,58.0608,100,0,1,0,0,0,0,1,0,307,519,1102,1402
SUB1272,SITE003,398,0,41,83.916,100,0,1,94,0,1,0,0,0,359,272,1173,1191
SUB1273,SITE003,1104,1,44,100.2456,90,0,1,245,0,0,0,1,0,353,403,794,1063
SUB1274,SITE003,1096,2,33,77.8,100,0,1,928,0,1,0,1,0,275,297,605,459
SUB1275,SITE003,862,1,48,76.6584,90,0,1,210,1,1,0,1,1,483,362,1334,1105
SUB1276,SITE003,1096,2,36,83.6892,95,0,1,0,0,1,0,1,0,321,401,1354,1126
SUB1277,SITE003,995,0,29,59.8752,90,0,1,344,0,0,0,0,1,314,180,504,399
SUB1278,SITE003,804,3,28,59.8752,100,0,1,0,0,1,0,1,0,481,480,873,924
SUB1279,SITE003,1104,2,33,69.4008,90,0,1,233,0,1,0,1,0,494,441,1690,1129
SUB1280,SITE003,993,3,35,76.4316,90,0,1,0,0,1,1,1,0,562,470,899,773
SUB1281,SITE003,908,2,42,78.0192,90,0,1,0,1,1,1,1,0,514,346,1146,1018
SUB1282,SITE003,479,3,26,80.7408,100,0,1,0,0,1,0,1,1,416,371,1363,1361
SUB1283,SITE003,1087,1,42,81.648,90,0,1,722,0,1,0,1,0,232,179,1352,1072
SUB1284,SITE003,324,2,28,69.4008,100,0,1,288,1,0,0,1,1,225,179,933,676
SUB1285,SITE003,1089,3,41,63.9576,90,0,1,432,0,1,1,1,0,201,262,1186,1289
SUB1286,SITE003,1097,1,35,81.648,100,0,1,111,0,1,0,1,0,505,431,847,1076
SUB1287,SITE003,988,2,47,86.6376,90,0,1,195,0,1,1,1,1,440,358,1320,1111
SUB1288,SITE003,1100,3,33,71.6688,90,0,1,293,1,1,0,1,0,507,414,1336,990
SUB1289,SITE003,998,1,23,73.71,90,0,1,82,0,0,0,1,1,511,502,752,656
SUB1290,SITE003,1021,0,36,56.2464,90,0,1,1938,0,1,1,0,1,593,653,1754,1609
SUB1291,SITE003,261,0,32,68.9472,90,0,1,1308,0,1,0,0,1,626,538,828,826
SUB1292,SITE003,1036,3,31,73.4832,100,0,1,997,0,1,1,1,0,368,448,1021,1301
SUB1293,SITE003,476,2,44,67.1328,90,0,1,690,0,1,1,1,1,477,386,1074,1025
SUB1294,SITE003,1092,3,32,71.2152,100,0,1,991,0,1,0,1,0,505,455,894,993
SUB1295,SITE003,318,1,34,68.2668,90,0,1,980,0,1,0,1,1,276,142,1299,996
SUB1296,SITE004,126,0,43,73.0296,90,1,1,1270,0,1,0,0,0,474,138,1523,1244
SUB1297,SITE004,729,0,32,75.7512,90,0,1,975,0,1,1,0,0,301,236,437,541
SUB1298,SITE004,649,1,39,65.0916,90,0,1,983,0,1,1,1,0,393,385,2910,2134
SUB1299,SITE004,1103,2,28,103.4208,90,0,1,949,0,1,0,1,0,522,606,1085,1150
SUB1300,SITE004,899,2,29,52.6176,90,0,1,781,1,0,0,1,1,408,636,898,985
SUB1301,SITE004,993,2,41,73.0296,90,0,1,1110,0,1,1,1,1,318,255,2139,1392
SUB1302,SITE004,902,2,35,52.3908,100,0,1,0,0,0,0,1,0,479,666,496,549
SUB1303,SITE004,975,1,51,68.9472,90,0,1,0,0,1,1,1,0,458,598,244,364
SUB1304,SITE004,299,0,67,82.1016,90,0,1,0,0,1,0,0,1,296,292,760,814
SUB1305,SITE004,1095,1,27,55.3392,90,0,1,273,1,0,1,1,0,234,293,936,1116
SUB1306,SITE004,815,0,31,89.3592,90,0,1,0,0,1,0,0,0,505,392,1179,734
SUB1307,SITE004,1097,0,45,89.8128,100,0,1,0,0,0,0,0,0,443,350,812,686
SUB1308,SITE004,230,3,33,78.0192,90,0,1,36,0,1,1,1,1,374,273,838,760
SUB1309,SITE004,750,2,27,64.4112,90,0,1,21,0,1,0,1,1,297,292,698,404
SUB1310,SITE004,1003,1,26,55.566,90,0,1,342,0,0,0,1,0,356,473,739,740
SUB1311,SITE004,1093,3,26,82.1016,90,0,1,0,0,1,0,1,0,325,553,1009,1149
SUB1312,SITE004,1034,3,49,80.7408,90,0,1,0,0,1,0,1,0,392,410,1566,2205
SUB1313,SITE004,898,3,36,78.9264,90,0,1,0,0,1,0,1,1,350,252,946,757
SUB1314,SITE004,140,0,39,89.3592,90,0,1,28,0,1,0,0,1,429,217,1528,549
SUB1315,SITE004,896,2,32,69.8544,100,0,1,0,1,1,0,1,1,425,265,637,759
SUB1316,SITE004,917,2,44,95.256,90,0,1,0,0,1,0,1,1,332,366,881,375
SUB1317,SITE004,878,3,30,64.638,90,0,1,0,0,1,1,1,0,131,253,227,496
SUB1318,SITE004,1006,3,26,91.6272,90,0,1,0,0,1,0,1,0,402,490,821,942
SUB1319,SITE004,1014,1,35,70.7616,90,0,1,0,0,1,1,1,0,433,445,849,1124
SUB1320,SITE004,297,1,42,79.8336,80,0,1,0,0,1,0,1,1,232,266,560,285
SUB1321,SITE004,921,1,45,78.0192,90,0,1,0,0,1,1,1,1,490,591,1592,1801
SUB1322,SITE004,737,1,49,67.1328,80,0,1,0,0,1,1,1,0,390,336,1656,959
SUB1323,SITE004,987,3,27,86.6376,100,0,1,937,0,1,0,1,0,300,250,1620,1180
SUB1324,SITE004,1133,0,33,76.2048,100,0,1,626,0,1,0,0,0,350,400,2570,2020
SUB1325,SITE004,1116,2,27,67.5864,100,0,1,770,0,1,0,1,1,300,310,540,590
SUB1326,SITE004,386,3,40,75.7512,100,0,1,923,0,1,0,1,1,390,250,400,350
SUB1327,SITE004,351,0,26,112.4928,80,0,1,931,1,0,0,0,1,190,150,690,610
SUB1328,SITE004,1131,1,39,79.1,100,0,1,778,1,0,0,1,0,340,320,870,590
SUB1329,SITE004,815,0,29,68.4936,100,0,1,1026,0,1,0,0,0,280,290,810,630
SUB1330,SITE004,1153,1,34,92.7612,100,0,1,1107,0,1,0,1,0,270,400,620,420
SUB1331,SITE004,1147,0,36,66.6792,80,0,1,943,0,1,0,0,0,300,300,1110,990
SUB1332,SITE004,1131,3,21,65.5452,90,0,1,1148,0,1,0,1,0,520,750,1800,1450
SUB1333,SITE004,1137,3,25,69.8544,90,0,1,947,0,1,0,1,0,410,442,1368,1221
SUB1334,SITE004,1147,3,30,59.6484,100,0,1,922,0,1,0,1,0,310,480,1000,1110
SUB1335,SITE004,1130,1,38,66.8,90,0,1,959,0,1,0,1,0,580,750,1480,1370
SUB1336,SITE004,896,0,54,74.5,90,0,1,959,0,1,1,0,0,460,300,1210,740
SUB1337,SITE004,805,2,35,68.04,100,0,1,922,1,1,0,1,0,230,320,580,860
SUB1338,SITE004,1145,2,46,73.0296,100,0,1,925,0,1,0,1,0,280,330,1500,1070
SUB1339,SITE004,1037,0,35,77.7,90,0,1,427,0,1,1,0,1,490,510,1130,820
SUB1340,SITE004,1101,2,36,78.246,100,0,1,574,0,1,0,1,0,320,390,870,790
SUB1341,SITE004,1131,1,28,76.6584,100,0,1,0,0,1,0,1,0,440,570,1210,730
SUB1342,SITE004,1110,2,49,86.184,90,0,1,0,0,1,0,1,0,300,510,660,570
SUB1343,SITE004,977,0,34,76.2048,90,0,1,0,0,1,0,0,0,630,590,940,940
SUB1344,SITE004,1126,3,30,76.2048,90,0,1,0,0,1,0,1,0,680,590,850,490
SUB1345,SITE004,226,2,56,46.8,80,0,1,137,1,0,0,1,1,290,320,860,660
SUB1346,SITE004,896,3,40,85.5,90,0,1,0,0,1,0,1,0,380,570,770,710
SUB1347,SITE004,1082,3,41,77.7,90,0,1,0,1,1,0,1,0,390,450,1190,930
SUB1348,SITE004,1111,0,22,67.5864,90,0,1,34,1,0,0,0,1,390,250,530,600
SUB1349,SITE004,1143,0,44,72.1224,90,0,1,0,0,1,0,0,0,380,580,520,770
SUB1350,SITE004,499,0,35,61.4628,80,0,1,348,0,1,0,0,1,420,530,880,710
SUB1351,SITE004,314,1,40,62.1432,100,0,1,139,1,0,0,1,1,200,290,760,680
SUB1352,SITE004,1136,2,35,79.6068,90,0,1,505,0,1,0,1,0,470,420,930,530
SUB1353,SITE004,1143,0,33,68.04,90,0,1,0,0,1,0,0,0,320,420,610,440
SUB1354,SITE004,974,3,37,90.2664,100,0,1,641,0,1,0,1,0,210,210,720,950
SUB1355,SITE004,1064,3,28,67.1328,90,0,1,141,0,1,0,1,0,440,590,780,790
SUB1356,SITE004,1132,1,37,76.2048,90,0,1,768,0,1,0,1,0,380,390,710,940
SUB1357,SITE004,1078,3,28,87.0912,100,0,1,97,1,0,0,1,0,250,320,1260,830
SUB1358,SITE004,896,2,27,67.1328,100,0,1,950,1,0,0,1,1,210,370,730,790
SUB1359,SITE004,1133,1,36,70.7616,100,0,1,233,1,1,0,1,0,350,300,1180,960
SUB1360,SITE004,1129,3,30,52.164,100,0,1,7,1,0,1,1,1,270,210,980,1140
SUB1361,SITE004,1123,3,27,75.2976,90,0,1,336,0,1,0,1,0,760,630,1480,980
SUB1362,SITE004,1124,3,39,76.2048,100,0,1,0,0,1,1,1,0,390,480,910,770
SUB1363,SITE004,111,0,39,96.1632,100,0,1,166,1,1,0,0,1,230,50,650,150
SUB1364,SITE004,1103,1,51,73.0296,90,0,1,540,0,1,0,1,0,300,310,1160,920
SUB1365,SITE004,1118,1,52,65.3184,100,0,1,646,0,1,0,1,0,410,580,1400,1600
SUB1366,SITE004,236,2,41,98.4312,90,0,1,2283,0,1,1,1,1,250,270,1380,1750
SUB1367,SITE004,693,2,34,64.8648,90,0,1,0,0,1,0,1,1,410,460,800,700
SUB1368,SITE004,1117,1,32,79.38,100,0,1,0,1,1,0,1,0,390,640,870,1140
SUB1369,SITE004,1110,3,28,74.75328,90,0,1,0,0,1,0,1,1,360,540,670,960
SUB1370,SITE004,561,2,28,68.4,90,0,1,0,0,0,1,1,1,160,220,730,950
SUB1371,SITE004,1117,3,45,95.7096,100,0,1,155,1,1,0,1,0,630,490,1290,930
SUB1372,SITE004,981,1,45,109.3176,90,0,1,585,0,1,1,1,0,380,500,1610,1510
SUB1373,SITE004,1117,0,41,68.9472,90,0,1,404,0,1,0,0,0,210,270,1090,870
SUB1374,SITE004,321,3,35,89.6,100,0,1,181,0,1,0,1,0,320,390,690,1140
SUB1375,SITE004,1066,0,33,77.112,100,0,1,0,0,1,0,0,0,280,240,1490,760
SUB1376,SITE004,610,2,56,75.0708,90,0,1,582,0,1,0,1,1,200,360,590,860
SUB1377,SITE004,727,0,37,93.8952,100,0,1,1384,0,1,0,0,0,470,400,870,660
SUB1378,SITE004,959,3,42,58,100,0,1,2851,0,1,0,1,1,280,330,590,630
SUB1379,SITE004,987,1,42,67.8132,100,0,1,65,0,1,0,1,1,320,320,1860,1290
SUB1380,SITE004,1110,2,31,82.23768,90,0,1,359,1,1,0,1,0,490,480,610,810
SUB1381,SITE004,1038,3,30,73.2,100,0,1,0,0,1,0,1,1,270,430,560,740
SUB1382,SITE004,987,0,34,67.5864,90,0,1,245,0,1,0,0,1,280,230,510,340
SUB1383,SITE004,987,1,27,78.4728,100,0,1,0,0,1,0,1,1,420,460,1070,1280
SUB1384,SITE004,623,3,52,51.4,90,0,1,665,1,1,0,1,1,480,580,1020,880
SUB1385,SITE004,280,3,24,56.4732,80,0,1,206,1,1,0,1,0,270,160,1540,1280
SUB1386,SITE004,1098,2,42,97.7,100,0,1,358,0,1,0,1,0,410,350,830,840
SUB1387,SITE004,899,0,43,75.13802,100,0,1,816,0,1,0,0,0,300,380,970,580
SUB1388,SITE004,477,0,31,114.534,100,0,1,685,1,1,0,0,1,160,220,620,970
SUB1389,SITE004,763,3,20,63.6,100,0,1,85,0,1,1,1,1,220,350,470,530
SUB1390,SITE004,980,3,43,77.112,90,0,1,0,0,1,0,1,1,260,340,1680,1510
SUB1391,SITE004,1096,3,48,69.6276,100,0,1,0,0,1,0,1,0,260,430,910,1400
SUB1392,SITE004,1089,1,49,95.7096,100,0,1,183,1,1,0,1,0,480,750,700,910
SUB1393,SITE004,1091,2,29,58.0608,100,0,1,314,1,1,0,1,1,240,370,820,890
SUB1394,SITE004,946,1,28,66.6792,100,0,1,971,1,0,0,1,0,300,180,690,410
SUB1395,SITE004,1091,1,29,74.5,100,0,1,0,0,1,0,1,0,500,660,900,660
SUB1396,SITE004,652,2,28,79.1,100,0,1,237,0,1,0,1,1,440,310,1000,790
SUB1397,SITE004,1090,0,27,97.524,100,0,1,495,0,1,0,0,0,410,570,950,1140
SUB1398,SITE004,818,2,22,81.1944,90,0,1,394,1,0,0,1,0,490,250,1090,710
SUB1399,SITE004,426,2,34,85.5036,100,0,1,0,1,1,0,1,1,480,450,1200,1160
SUB1400,SITE004,554,1,47,87.9984,80,0,1,322,0,1,0,1,1,320,350,1350,1050
SUB1401,SITE004,1090,0,31,64.8648,100,0,1,0,0,1,0,0,0,460,440,770,700
SUB1402,SITE004,1090,2,38,91.1736,90,0,1,735,0,1,0,1,0,240,300,500,450
SUB1403,SITE004,1087,0,32,115.9,100,0,1,456,0,1,0,0,0,280,240,960,470
SUB1404,SITE004,1087,1,21,70.308,100,0,1,83,0,1,0,1,0,280,280,550,730
SUB1405,SITE004,897,2,34,105.0084,90,0,1,0,0,1,0,1,0,230,330,1470,1160
SUB1406,SITE004,1087,1,31,72.8028,100,0,1,718,0,1,0,1,0,310,360,640,600
SUB1407,SITE004,952,3,32,67.1328,100,0,1,0,1,0,0,1,1,310,310,640,530
SUB1408,SITE004,1049,1,38,65.3184,100,0,1,0,1,1,0,1,0,290,590,510,460
SUB1409,SITE004,1041,1,25,75.2976,100,0,1,0,1,1,0,1,0,400,480,870,500
SUB1410,SITE004,1033,0,34,81.648,95,0,1,0,0,1,0,0,0,420,470,890,490
SUB1411,SITE004,990,0,44,89.8128,100,0,1,0,0,1,0,0,0,270,370,890,850
SUB1412,SITE004,919,2,28,73.9368,100,0,1,0,0,1,0,1,1,550,750,370,840
SUB1413,SITE004,1011,3,27,93.8952,100,0,1,0,0,1,0,1,0,210,260,690,610
SUB1414,SITE004,835,2,21,58.968,100,0,1,0,0,0,0,1,1,300,520,570,740
SUB1415,SITE004,882,3,32,91.1736,90,0,1,0,1,0,0,1,0,380,330,430,530
SUB1416,SITE004,948,0,53,71.442,100,0,1,0,0,1,0,0,0,350,320,460,740
SUB1417,SITE004,560,2,26,83.4624,90,0,1,1177,1,1,0,1,0,340,200,650,800
SUB1418,SITE004,391,2,32,71.2152,90,0,1,196,0,1,0,1,1,189,265,116,680
SUB1419,SITE004,1077,1,33,66.906,90,0,1,780,0,1,0,1,1,468,648,1011,1404
SUB1420,SITE004,1003,0,35,64.4112,80,0,1,91,0,1,0,0,1,588,437,1115,889
SUB1421,SITE004,988,2,38,79.38,100,0,1,928,0,1,1,1,0,239,140,1180,543
SUB1422,SITE004,1121,1,26,79.6068,90,0,1,548,0,1,0,1,0,448,339,756,644
SUB1423,SITE004,337,2,45,73.9368,90,0,1,480,0,1,1,1,1,193,206,1652,1172
SUB1424,SITE004,999,3,32,79.8336,80,0,1,1073,0,1,1,1,1,248,162,1305,1081
SUB1425,SITE004,1123,0,37,65.772,90,0,1,113,0,1,1,0,0,358,391,1054,768
SUB1426,SITE004,1117,0,34,74.3904,90,0,1,0,0,1,1,0,0,286,366,2444,1855
SUB1427,SITE004,1111,3,31,72.1224,90,0,1,956,0,1,0,1,0,259,311,1238,901
SUB1428,SITE004,1110,0,43,95.256,90,0,1,0,0,1,1,0,0,232,184,512,656
SUB1429,SITE004,1097,1,27,73.2564,100,0,1,0,0,1,0,1,0,444,582,1159,1082
SUB1430,SITE004,895,2,34,65.3184,100,0,1,0,0,1,0,1,0,214,204,591,703
SUB1431,SITE004,415,1,26,73.4832,100,0,1,1053,0,1,1,1,0,160,223,390,568
SUB1432,SITE004,980,3,25,48.3084,90,0,1,431,0,1,0,1,1,438,399,700,646
SUB1433,SITE004,1054,3,40,71.6688,100,0,1,0,0,1,1,1,0,335,463,327,500
SUB1434,SITE004,1088,2,42,62.37,90,0,1,249,1,1,0,1,0,499,312,796,376
SUB1435,SITE004,648,1,31,70.308,90,0,1,121,0,1,0,1,0,510,588,1557,1324
SUB1436,SITE004,222,0,37,65.3184,100,0,1,0,0,1,1,0,1,142,81,786,601
SUB1437,SITE004,980,3,36,72.1224,90,0,1,175,1,1,0,1,0,446,162,1338,1444
SUB1438,SITE004,896,0,21,99.792,100,0,1,17,1,0,1,0,1,159,232,565,882
SUB1439,SITE004,1055,2,28,65.3184,100,0,1,0,1,1,0,1,0,265,311,3101,2627
SUB1440,SITE004,169,3,48,83.4624,90,0,1,0,0,0,0,1,1,291,328,617,686
SUB1441,SITE004,1021,0,29,94.8024,90,0,1,0,0,1,0,0,0,302,552,941,1742
SUB1442,SITE004,1011,1,45,127.008,100,0,1,0,0,1,0,1,0,207,597,633,1248
SUB1443,SITE004,691,1,29,68.4936,100,0,1,0,0,1,0,1,1,706,853,980,1195
SUB1444,SITE004,824,1,40,68.04,100,0,1,0,1,1,0,1,1,477,566,542,616
SUB1445,SITE004,988,3,48,83.4,100,0,1,1409,0,1,1,1,1,378,373,977,987
SUB1446,SITE004,557,0,43,65.2,100,0,1,974,0,1,0,0,1,469,375.4478,2739,2240
SUB1447,SITE004,1130,2,31,72,100,0,1,273,0,1,0,1,0,274,364,673,971
SUB1448,SITE004,1064,3,31,103.6,100,0,1,942,0,1,0,1,1,350,475,1196,1044
SUB1449,SITE004,1117,1,36,77.6,100,0,1,934,0,1,1,1,0,484,686,1645,1637
SUB1450,SITE004,1089,3,32,102.5,100,0,1,478,0,1,0,1,0,257,334,621,640
SUB1451,SITE004,1046,3,38,102.5,100,0,1,0,0,1,0,1,1,293,183,930,730
SUB1452,SITE004,987,3,35,75.13802,100,0,1,0,0,1,0,1,0,447,568,894,913
SUB1453,SITE004,1139,2,31,76.5,100,0,1,148,0,1,0,1,0,246,194,346,497
SUB1454,SITE004,1138,1,39,99,100,0,1,402,0,1,1,1,0,321,167,1076,1066
SUB1455,SITE004,1026,2,31,90.3,100,1,1,422,0,1,0,1,0,277,326,705,828
SUB1456,SITE004,1029,1,43,101,100,0,1,75,0,1,0,1,1,350,197,314,893
SUB1457,SITE004,1070,0,39,62.8,100,0,1,0,0,1,0,0,0,337,420,724,756
SUB1458,SITE004,1001,0,31,99,100,0,1,364,0,1,0,0,1,364,353,952,1126
SUB1459,SITE004,510,2,34,57.5,90,0,1,355,0,1,0,1,0,217,379,1123,1209
SUB1460,SITE004,260,1,33,102.8,100,0,1,0,0,1,0,1,1,339,352,477,519
SUB1461,SITE004,1091,0,27,67.7,100,0,1,262,0,1,0,0,0,238,202,998,699
SUB1462,SITE004,1142,3,29,79.6,100,0,1,606,0,1,0,1,0,273,653,1040,1901
SUB1463,SITE004,1141,0,30,80,100,0,1,0,0,1,0,0,0,360,565,780,1021
SUB1464,SITE004,1067,2,28,74.2,100,0,1,184,0,1,0,1,1,384,296,1444,1068
SUB1465,SITE004,916,1,32,69.8,100,0,1,0,0,1,0,1,1,435,459,886,855
SUB1466,SITE004,1097,1,45,91.2,100,0,1,0,1,1,0,1,1,323,264,691,554
SUB1467,SITE004,1147,1,24,67.9,100,0,1,118,0,0,0,1,0,310,437,1032,874
SUB1468,SITE004,1088,3,23,87.6,100,0,1,136,0,1,1,1,0,493,655,927,1283
SUB1469,SITE004,392,0,29,65.3,100,0,1,0,1,1,0,0,0,412,197,1115,732
SUB1470,SITE004,1122,0,24,65.5,100,0,1,108,1,1,0,0,0,266,290,557,609
SUB1471,SITE004,464,3,34,65.5,100,0,1,0,0,1,0,1,1,198,162,911,874
SUB1472,SITE004,321,3,24,71.5,100,0,1,30,1,1,0,1,1,243,177,693,647
SUB1473,SITE004,455,3,31,82.5,100,0,1,0,0,1,0,1,0,178,174,978,1059
SUB1474,SITE004,1145,1,36,62.2,90,0,1,514,0,0,0,1,0,297,312,501,478
SUB1475,SITE004,1098,2,29,83,100,0,1,0,0,1,0,1,0,355,345,1085,870
SUB1476,SITE004,1063,3,35,82.4,100,0,1,0,0,1,1,1,0,471,767,613,698
SUB1477,SITE004,1054,2,36,75.2,100,0,1,0,0,1,0,1,1,297,142,606,524
SUB1478,SITE004,822,1,31,74.7,100,0,1,0,0,1,0,1,0,360,525,662,778
SUB1479,SITE004,430,0,36,88.9,100,0,1,0,0,1,0,0,1,371,424,536,620
SUB1480,SITE004,1035,0,23,70.308,100,0,1,0,0,1,0,0,0,360,562,1920,1145
SUB1481,SITE004,878,1,26,63.7,100,0,1,0,1,1,0,1,1,347,286,1510,1107
SUB1482,SITE004,1002,2,29,70.8,100,0,1,0,0,1,0,1,1,918,375.4478,2793,1237
SUB1483,SITE004,893,0,20,57.3,100,0,1,0,0,1,0,0,1,488,559,798,952
SUB1484,SITE004,1029,2,32,86.8,100,0,1,0,0,1,0,1,0,420,657,995,1272
SUB1485,SITE004,878,0,35,61.2,100,0,1,0,1,1,0,0,1,276,273,804,893
SUB1486,SITE004,884,1,38,66.3,100,0,1,0,0,0,0,1,1,300,748,505,784
SUB1487,SITE004,914,3,37,60.7,100,0,1,0,0,1,0,1,1,283,364,656,668
SUB1488,SITE004,991,3,35,71,100,0,1,0,0,1,0,1,0,388,386,1086,1030
SUB1489,SITE004,963,1,25,79.5,100,0,1,0,0,1,0,1,0,420,508,873,979
SUB1490,SITE004,935,3,41,75.7512,100,0,1,1599,0,1,0,1,0,343,565,577,941
SUB1491,SITE004,815,0,33,78.7,100,0,1,703,0,1,0,0,0,622,357,941,757
SUB1492,SITE004,1151,0,29,78.0192,100,0,1,906,1,1,0,0,0,374,353,671,742
SUB1493,SITE004,1137,0,36,77.112,100,0,1,925,0,1,0,0,0,373,309,745,606
SUB1494,SITE004,1160,3,36,86.184,95,0,1,925,0,1,0,1,0,384,195,1704,1926
SUB1495,SITE004,721,1,40,84.8232,100,0,1,1282,0,1,0,1,0,400,464,896,1129
SUB1496,SITE004,462,1,39,69.6276,100,0,1,917,0,1,1,1,1,262,267,1208,1334
SUB1497,SITE004,224,0,30,65.772,100,0,1,894,0,1,0,0,0,430,393,1290,1118
SUB1498,SITE004,649,0,40,82.5552,100,0,1,926,0,1,1,0,0,600,208,1745,1698
SUB1499,SITE004,1154,0,41,62.1432,100,0,1,917,0,1,0,0,0,477,342,1273,1235
SUB1500,SITE004,1126,3,35,78.4728,100,0,1,967,0,1,0,1,0,365,265,1964,1546
SUB1501,SITE004,560,2,42,76.2048,100,0,1,938,0,1,0,1,0,494,330,784,469
SUB1502,SITE004,558,3,26,80.7408,100,0,1,0,0,1,0,1,0,343,296,873,888
SUB1503,SITE004,1181,2,30,84.3696,100,0,1,0,0,1,0,1,0,270,428,1132,1856
SUB1504,SITE004,910,1,38,70.7616,100,0,1,0,0,1,0,1,0,353,272,1275,1070
SUB1505,SITE004,1181,1,39,75.2976,100,0,1,0,0,1,1,1,0,434,512,997,1358
SUB1506,SITE004,350,2,27,101,100,0,1,190,0,0,0,1,1,337,378,702,643
SUB1507,SITE004,966,3,39,63.504,100,0,1,54,1,0,0,1,0,202,299,327,431
SUB1508,SITE004,1133,3,35,64.8648,100,0,1,234,1,0,0,1,0,434,378,768,403
SUB1509,SITE004,1050,2,39,82.5552,100,0,1,0,0,0,0,1,1,342,469,574,1118
SUB1510,SITE004,1091,1,29,65.772,100,0,1,817,0,1,0,1,0,403,266,854,447
SUB1511,SITE004,1088,0,33,84.3696,100,0,1,888,0,1,0,0,0,235,220,1313,1439
SUB1512,SITE004,572,3,29,70.7616,100,0,1,966,0,1,0,1,0,321,151,1400,680
SUB1513,SITE004,1087,2,26,73.9368,100,0,1,772,0,1,0,1,0,293,147,1406,1103
SUB1514,SITE004,1088,1,47,85.2768,100,0,1,840,0,1,1,1,0,355,360,880,841
SUB1515,SITE004,938,0,43,88.452,100,0,1,843,0,1,1,0,1,225,238,649,570
SUB1516,SITE004,423,3,25,61.236,100,0,1,0,0,0,1,1,1,377,410,584,743
SUB1517,SITE004,917,1,33,78.9264,100,0,1,0,1,1,0,1,1,320,523,847,897
SUB1518,SITE004,1068,1,27,84.3696,100,0,1,0,0,1,0,1,0,365,499,1169,1072
SUB1519,SITE004,507,0,37,79.38,100,0,1,0,0,1,0,0,1,385,277,819,713
SUB1520,SITE004,1054,1,25,75.5244,100,0,1,0,1,1,0,1,0,481,668,577,647
SUB1521,SITE004,974,3,28,71.6688,100,0,1,0,1,1,0,1,1,441,552,378,537
SUB1522,SITE004,1026,0,28,76.8852,100,0,1,0,0,1,0,0,0,562,491,463,590
SUB1523,SITE004,938,2,36,113.4,100,0,1,249,0,0,0,1,1,283,375.4478,500,933
SUB1524,SITE004,1019,1,37,57,90,0,1,227,0,0,0,1,0,464,521,546,706
SUB1525,SITE004,897,3,25,67.5864,100,0,1,0,0,1,0,1,1,456,413,1766,843
SUB1526,SITE004,1012,2,36,114.3072,100,0,1,0,0,1,0,1,0,284,481,716,962
SUB1527,SITE004,1006,1,30,69.4008,100,0,1,0,0,1,0,1,0,659,511,1392,876
SUB1528,SITE004,323,3,39,54.8856,100,0,1,0,1,1,0,1,0,319,250,3192,2856
SUB1529,SITE004,466,1,34,63.504,100,0,1,918,1,1,0,1,1,294,282,1292,1646
SUB1530,SITE004,142,0,45,78.246,100,0,1,233,0,1,0,0,0,180,49,1777,1046
SUB1531,SITE004,1164,0,41,85.05,100,0,1,0,1,1,0,0,0,396,450,1034,1207
SUB1532,SITE004,1022,2,22,62.5968,100,0,1,0,1,1,1,1,1,411,442,905,1160
SUB1533,SITE004,307,1,40,97.88688,90,0,1,843,1,0,0,1,0,408,451,696,547
SUB1534,SITE004,1159,3,47,104.1012,100,0,1,0,0,1,1,1,0,272,250,2178,1921
SUB1535,SITE004,1154,0,32,70.7616,100,0,1,576,0,1,0,0,0,271,304,566,739
SUB1536,SITE004,1154,1,31,83.0088,90,0,1,0,1,1,0,1,0,548,466,1116,1067
SUB1537,SITE004,565,0,31,80.2872,100,0,1,0,1,1,0,0,1,542,561,845,742
SUB1538,SITE004,476,2,57,71.2152,90,0,1,326,1,1,0,1,1,301,232,689,445
SUB1539,SITE004,1048,0,35,49.4424,100,0,1,0,0,1,0,0,1,441,318,1391,1198
SUB1540,SITE004,1029,3,48,70.308,100,0,1,912,0,1,0,1,1,450,357,1666,1203
SUB1541,SITE004,1065,3,34,67.5864,100,0,1,0,0,1,0,1,0,358,529,895,1124
SUB1542,SITE004,382,1,36,78.38208,100,0,1,206,1,1,0,1,1,327,420,776,793
SUB1543,SITE004,1131,3,39,76.6584,100,0,1,811,0,1,0,1,0,519,406,1189,847
SUB1544,SITE004,1124,1,38,76.2048,100,0,1,15,0,1,0,1,0,346,390,864,1318
SUB1545,SITE004,1124,1,49,76.2048,100,0,1,0,0,1,0,1,0,455,478,1176,534
SUB1546,SITE004,624,0,35,75.5244,100,0,1,909,0,1,0,0,0,328,421,820,977
SUB1547,SITE004,1119,2,36,67.5864,100,0,1,1132,0,1,0,1,0,489,577,887,1013
SUB1548,SITE004,1112,3,37,82.1016,100,0,1,0,0,1,0,1,0,316,329,1124,931
SUB1549,SITE004,1115,3,42,72.1224,100,0,1,606,0,1,0,1,0,292,314,626,549
SUB1550,SITE004,979,1,34,70.308,100,0,1,960,0,1,0,1,1,218,559,519,888
SUB1551,SITE004,1108,2,35,73.9368,100,0,1,59,0,1,0,1,0,347,333,891,594
SUB1552,SITE004,1102,1,37,70.308,100,0,1,0,0,0,0,1,0,356,478,523,643
SUB1553,SITE004,1098,0,40,81.8748,100,0,1,26,0,1,1,0,0,296,222,2048,1750
SUB1554,SITE004,999,3,25,77.112,90,0,1,676,0,1,0,1,1,280,347,699,627
SUB1555,SITE004,1093,1,34,86.6376,100,0,1,27,1,1,0,1,1,277,296,878,1096
SUB1556,SITE004,859,0,31,64.4112,100,0,1,17,0,1,0,0,0,294,294,662,625
SUB1557,SITE004,1088,3,36,72.3492,100,0,1,238,0,1,0,1,0,353,446,1389,1678
SUB1558,SITE004,949,1,25,51.4836,100,0,1,23,1,1,0,1,0,282,267,574,534
SUB1559,SITE004,1087,0,33,74.98008,100,0,1,342,0,1,1,0,0,252,225,1165,811
SUB1560,SITE004,386,3,30,55.7928,100,0,1,0,0,1,0,1,1,147,242,698,1089
SUB1561,SITE004,1015,0,32,72.576,100,0,1,0,0,1,1,0,0,225,186,1161,1210
SUB1562,SITE004,667,3,39,80.2872,100,0,1,0,1,1,0,1,1,353,375.4478,3780,3552
SUB1563,SITE004,167,3,32,41.2776,100,0,1,6,0,0,0,1,1,328,277,482,485
SUB1564,SITE004,1063,2,40,75.978,100,0,1,291,1,0,0,1,0,335,339,1164,1214
SUB1565,SITE004,1062,2,40,76,100,0,1,139,1,0,0,1,0,502,349,1568,1599
SUB1566,SITE004,329,1,35,52.164,100,0,1,145,1,0,0,1,1,300,235,622,415
SUB1567,SITE004,497,3,27,83.0088,100,0,1,0,1,1,0,1,1,213,211,526,632
SUB1568,SITE004,1042,1,30,77.3388,100,0,1,0,1,1,0,1,0,209,275,452,517
SUB1569,SITE004,1041,2,31,49.4424,100,0,1,0,0,0,0,1,0,407,464,925,815
SUB1570,SITE004,1028,3,28,125.6472,100,0,1,0,1,1,0,1,0,257,395,570,893
SUB1571,SITE004,1021,2,29,58.968,100,0,1,175,1,0,0,1,0,463,377,491,481
SUB1572,SITE004,885,0,37,76.2048,100,0,1,0,0,1,0,0,1,450,436,1387,1963
SUB1573,SITE004,1000,3,50,70.67088,90,0,1,0,0,1,0,1,0,452,600,796,733
SUB1574,SITE004,857,1,44,87.5448,100,0,1,0,0,1,0,1,1,452,426,1096,912
SUB1575,SITE004,245,0,35,89.3592,100,0,1,0,0,1,0,0,1,308,314,484,351
SUB1576,SITE004,517,2,37,82.1016,100,0,1,0,0,1,0,1,1,393,375,941,1125
SUB1577,SITE004,847,0,29,100.0188,100,0,1,0,0,1,0,0,1,441,331,882,906
SUB1578,SITE004,892,1,37,76.4316,100,0,1,0,1,0,0,1,0,548,428,1949,1099
SUB1579,SITE004,146,0,57,81.1944,100,0,1,1345,0,1,1,0,0,226,118,2008,1553
SUB1580,SITE004,302,2,45,51.7104,100,0,1,1466,0,0,0,1,1,288,178,835,713
SUB1581,SITE004,1067,3,54,86.6376,100,0,1,1377,0,1,0,1,0,345,388,762,900
SUB1582,SITE004,1132,2,43,86.184,100,0,1,953,0,1,0,1,0,390,505,1333,1273
SUB1583,SITE004,1166,3,44,91.6272,100,0,1,1157,0,1,0,1,0,295,288,988,741
SUB1584,SITE004,1154,3,50,83.4624,100,0,1,1188,0,1,0,1,0,606,548,1145,1053
SUB1585,SITE004,965,2,30,58.5144,100,1,1,112,0,1,0,1,1,387,251,775,424
SUB1586,SITE004,1137,2,36,69.4008,100,0,1,1155,0,1,0,1,0,186,348,1135,2713
SUB1587,SITE004,896,0,30,81.648,100,0,1,389,0,1,0,0,0,334,404,556,550
SUB1588,SITE004,550,1,39,78.0192,80,0,1,1151,0,1,0,1,0,232,383,946,1150
SUB1589,SITE004,898,2,28,83.2356,100,0,1,1104,0,1,0,1,0,313,205,1111,1435
SUB1590,SITE004,1094,0,46,65.5452,100,0,1,523,0,1,0,0,0,441,435,592,583
SUB1591,SITE004,45,2,38,78.0192,90,0,1,1099,0,1,0,1,0,416,221,1663,1055
SUB1592,SITE004,1098,1,29,89.3592,100,0,1,406,0,1,0,1,0,466,242,869,838
SUB1593,SITE004,1154,1,37,76.6584,100,0,1,1049,0,1,0,1,0,428,259,1435,707
SUB1594,SITE004,1178,1,28,85.7304,100,0,1,0,0,1,0,1,0,416,410,800,738
SUB1595,SITE004,1040,2,34,62.8236,100,0,1,0,1,0,0,1,0,223,381,839,1000
SUB1596,SITE004,1178,3,26,79.8336,100,0,1,0,1,1,0,1,0,375,473,1000,945
SUB1597,SITE004,1166,3,52,61.4628,100,0,1,807,1,0,0,1,0,440,690,645,755
SUB1598,SITE004,618,2,25,70.21728,100,0,1,739,1,1,0,1,1,312,303,1679,1085
SUB1599,SITE004,479,1,32,58.0608,100,0,1,356,1,0,0,1,1,378,258,1049,870
SUB1600,SITE004,381,3,30,64.638,80,0,1,13,0,0,0,1,1,433,252,883,428
SUB1601,SITE004,1090,0,49,59.4216,100,0,1,1084,1,0,0,0,0,440,375.4478,2126,1479
SUB1602,SITE004,902,1,35,92.5344,90,0,1,0,1,0,0,1,1,349,323,1124,1398
SUB1603,SITE004,839,3,36,57.6072,100,0,1,927,1,0,0,1,0,239,306,868,899
SUB1604,SITE004,987,2,32,50.8032,80,0,1,0,0,0,0,1,0,253,444,933,806
SUB1605,SITE004,96,2,40,79.38,70,0,1,1561,1,0,0,1,0,255,322,1190,1153
SUB1606,SITE004,722,3,44,90.4932,90,0,1,1248,1,0,0,1,1,250,209,2677,2117
SUB1607,SITE004,971,3,27,66.4524,80,0,1,943,0,0,0,1,0,649,784,2220,1874
SUB1608,SITE004,1046,2,32,64.8648,100,0,1,95,1,0,0,1,0,567,516,3827,2801
SUB1609,SITE004,424,1,26,47.628,100,0,1,202,1,0,0,1,1,391,568,681,803
SUB1610,SITE004,1013,1,40,84,100,0,1,1484,0,1,0,1,1,295,375,801,722
SUB1611,SITE004,977,0,30,65,80,0,1,416,0,1,1,0,1,171,191,477,428
SUB1612,SITE004,819,0,50,72.576,100,0,1,885,0,1,1,0,0,266,334,1482,1250
SUB1613,SITE004,1087,1,33,78.4,100,0,1,941,0,1,0,1,0,344,214,862,705
SUB1614,SITE004,993,3,32,64.8648,100,0,1,878,0,0,0,1,0,386,365,941,1414
SUB1615,SITE004,1062,2,38,75.2,100,0,1,940,1,1,0,1,0,265,238,1349,1372
SUB1616,SITE004,1104,1,40,110.4516,90,1,1,179,0,1,0,1,0,548,548,1117,945
SUB1617,SITE004,1188,2,38,66.2256,100,0,1,1017,0,1,0,1,0,368,292,1279,1290
SUB1618,SITE004,1124,0,47,67.1328,100,0,1,22,0,1,0,0,0,499,477,1056,1044
SUB1619,SITE004,980,2,37,81.1944,100,0,1,0,0,1,0,1,1,441,368,923,604
SUB1620,SITE004,1066,0,43,97.524,100,0,1,0,1,1,0,0,0,240,521,410,494
SUB1621,SITE004,299,2,29,63.9576,100,0,1,0,1,1,0,1,1,486,596,800,612
SUB1622,SITE004,973,2,29,77.112,100,0,1,155,1,1,0,1,1,164,207,445,655
SUB1623,SITE004,1087,2,31,122.472,100,0,1,68,0,0,1,1,0,250,251,985,732
SUB1624,SITE004,1052,0,39,98.4312,100,0,1,0,0,1,0,0,0,434,383,1632,1373
SUB1625,SITE004,934,1,27,83.4624,100,0,1,53,1,0,0,1,0,427,460,510,870
SUB1626,SITE004,1057,1,31,63.0504,90,0,1,83,0,0,0,1,0,428,748,551,983
SUB1627,SITE004,343,2,19,59.8752,100,0,1,158,1,0,0,1,1,401,420,774,905
SUB1628,SITE004,612,3,37,63.504,90,0,1,1191,1,0,0,1,0,389,372,552,586
SUB1629,SITE004,1017,2,58,78.246,90,0,1,682,0,1,0,1,0,409,590,520,510
SUB1630,SITE004,428,3,40,67.1328,90,0,1,424,0,1,0,1,0,423,306,1843,1576
SUB1631,SITE004,1088,3,31,61.6896,90,0,1,751,0,1,0,1,0,296,328,560,725
SUB1632,SITE004,1066,3,40,69.6276,100,0,1,0,0,1,1,1,0,609,299,1430,883
SUB1633,SITE004,818,0,24,66.2256,100,0,1,493,0,0,1,0,0,450,300,884,799
SUB1634,SITE004,959,2,44,91.6272,100,0,1,1609,0,0,0,1,0,339,232,828,440
SUB1635,SITE004,897,3,31,62.37,90,0,1,0,1,0,0,1,1,243,210,648,409
SUB1636,SITE004,429,3,35,68.2668,90,0,1,0,1,0,0,1,1,366,481,614,703
SUB1637,SITE004,1029,3,33,56.9268,90,0,1,0,1,1,0,1,0,329,433,419,480
SUB1638,SITE004,507,3,26,56.2464,90,0,1,0,0,0,0,1,1,442,427,1211,839
SUB1639,SITE004,876,0,36,117.0288,90,0,1,0,0,0,0,0,1,199,206,1228,1184
SUB1640,SITE004,1000,2,33,71.2152,100,0,1,0,0,1,0,1,0,221,260,598,866
SUB1641,SITE004,984,3,30,61.0092,100,0,1,0,1,0,0,1,0,424,495,878,794
SUB1642,SITE004,562,1,59,53.3,80,0,1,1143,0,0,0,1,1,236,285,354,344
SUB1643,SITE004,991,3,24,64.04832,90,0,1,406,0,1,0,1,1,296,172,444,664
SUB1644,SITE004,813,0,41,89.5,90,0,1,980,0,1,0,0,0,308,306,972,1376
SUB1645,SITE004,994,1,33,72.8028,90,0,1,176,0,1,0,1,1,446,532,368,336
SUB1646,SITE004,1035,0,36,93.1,100,0,1,551,0,1,0,0,1,541,466,1434,1568
SUB1647,SITE004,1110,0,24,62.1432,100,0,1,0,0,0,0,0,0,531,909,1927,1850
SUB1648,SITE004,987,0,29,72.3,100,0,1,160,0,1,0,0,0,298,326,518,750
SUB1649,SITE004,537,3,29,70.9884,90,0,1,139,0,1,0,1,1,404,254,866,871
SUB1650,SITE004,982,3,35,67.94928,80,0,1,105,1,0,0,1,1,415,397,943,1228
SUB1651,SITE004,555,3,25,79.7,90,0,1,161,1,0,0,1,0,501,365,812,805
SUB1652,SITE004,1078,2,35,68,90,0,1,205,0,1,0,1,0,213,198,568,563
SUB1653,SITE004,1075,1,32,58,80,0,1,199,1,1,0,1,0,265,318,1132,1149
SUB1654,SITE004,1068,3,31,95.5,90,0,1,199,0,1,0,1,0,302,554,478,595
SUB1655,SITE004,1006,0,21,77.9,90,0,1,0,1,1,0,0,1,373,275,549,663
SUB1656,SITE004,966,3,41,73.0296,90,0,1,0,0,1,0,1,0,480,403,700,864
SUB1657,SITE004,385,2,30,68,90,0,1,981,0,1,1,1,1,184,246,563,834
SUB1658,SITE004,950,1,24,72.5,80,0,1,0,1,0,1,1,1,347,343,1167,1300
SUB1659,SITE004,1041,0,35,57.28968,100,0,1,344,0,0,0,0,0,445,371,766,691
SUB1660,SITE004,970,2,47,59,90,0,1,0,0,0,0,1,1,186,260,462,357
SUB1661,SITE004,1015,0,38,79.4,100,0,1,0,0,1,0,0,0,332,375,1289,860
SUB1662,SITE004,991,0,40,65.5,80,0,1,0,0,1,0,0,0,274,418,1352,1353
SUB1663,SITE004,413,0,23,74.4,90,0,1,0,1,1,0,0,1,221,205,731,643
SUB1664,SITE004,993,3,37,71.8,90,0,1,0,0,1,0,1,0,338,508,675,457
SUB1665,SITE004,992,2,33,72.576,90,0,1,0,0,1,0,1,0,383,492,1627,984
SUB1666,SITE004,914,1,27,70.5,90,0,1,0,0,1,0,1,1,227,208,1058,879
SUB1667,SITE004,1008,2,27,70.7616,100,0,1,972,0,1,0,1,0,290,495,858,1602
SUB1668,SITE004,1001,2,41,65.0916,100,1,1,962,0,1,0,1,1,350,80,105,173
SUB1669,SITE004,1098,1,33,75.2976,100,0,1,965,0,1,0,1,0,548,332,1672,1683
SUB1670,SITE004,748,2,39,80.7408,100,1,1,806,0,1,0,1,0,457,230,1306,1094
SUB1671,SITE004,994,1,38,82.3,100,1,1,371,0,1,0,1,1,341,264,741,583
SUB1672,SITE004,840,2,33,65.4,100,0,1,369,1,1,0,1,0,343,316,1417,1489
SUB1673,SITE004,561,1,24,59,100,0,1,195,0,1,0,1,0,172,157,847,804
SUB1674,SITE004,1091,0,40,71.3,100,0,1,0,0,0,0,0,0,503,432,797,734
SUB1675,SITE004,993,3,30,63.9576,100,0,1,1755,0,1,0,1,0,250,347,1248,1198
SUB1676,SITE004,1103,3,45,72.7,100,0,1,661,0,1,0,1,0,288,232,1072,1292
SUB1677,SITE004,1096,1,35,65,100,0,1,490,0,1,0,1,0,374,451,707,676
SUB1678,SITE004,197,0,37,79.38,100,0,1,0,0,1,1,0,1,319,135,1412,563
SUB1679,SITE004,989,3,31,72.3,90,0,1,380,0,1,0,1,1,480,470,1000,680
SUB1680,SITE004,1134,0,34,75.13802,90,0,1,979,0,1,0,0,0,220,230,620,600
SUB1681,SITE004,1002,3,28,64.8,100,0,1,0,0,1,0,1,1,400,280,890,650
SUB1682,SITE004,835,2,26,59.8752,90,0,1,0,0,1,1,1,1,170,288,348,376
SUB1683,SITE004,1147,0,32,102.3,100,0,1,0,1,0,0,0,0,374,272,1474,864
SUB1684,SITE004,394,1,22,53.298,100,0,1,0,1,0,0,1,1,306,238,1134,826
SUB1685,SITE004,1151,1,31,64.1844,100,0,1,588,1,1,0,1,0,168,225,1656,795
SUB1686,SITE004,1140,2,35,86.4,100,0,1,0,1,0,0,1,0,320,384,880,944
SUB1687,SITE004,1147,0,42,82.3,100,0,1,6,1,0,0,0,0,341,456,429,504
SUB1688,SITE004,1021,3,39,94.3,100,0,1,0,1,0,0,1,1,414,464,900,624
SUB1689,SITE004,993,2,22,60.3288,100,0,1,0,0,1,0,1,0,525,540,1400,1100
SUB1690,SITE004,1059,3,28,66.3,100,0,1,0,0,1,0,1,1,600,555,675,429
SUB1691,SITE004,1132,0,47,74.844,100,0,1,0,1,0,0,0,0,504,210,1176,980
SUB1692,SITE004,139,0,25,66.2256,100,0,1,62,0,1,0,0,1,612,403,522,403
SUB1693,SITE004,1023,1,36,51.5,90,0,1,0,1,0,0,1,1,300,228,1240,1254
SUB1694,SITE004,889,0,25,84.18816,100,0,1,1286,0,1,0,0,1,336,252,612,477
SUB1695,SITE004,876,1,37,81.10368,90,0,1,898,0,1,0,1,0,375,275,690,539
SUB1696,SITE004,549,2,25,63.59472,90,0,1,1856,0,1,0,1,1,280,154,1180,1408
SUB1697,SITE004,1091,2,28,68.4936,100,0,1,1756,0,1,0,1,0,646,462,731,700
SUB1698,SITE004,811,1,27,94.89312,90,0,1,188,0,1,0,1,0,370,450,860,918
SUB1699,SITE004,1010,0,37,83.28096,100,0,1,0,0,1,0,0,0,420,465,700,675
SUB1700,SITE004,1071,3,38,67.1,90,0,1,0,0,1,0,1,0,340,410,1160,980
SUB1701,SITE004,493,1,36,68.3,90,0,1,10,0,1,1,1,0,340,190,916,560
SUB1702,SITE004,1127,2,40,71.6,100,0,1,238,0,1,0,1,0,330,290,350,380
SUB1703,SITE004,1135,2,34,74,90,0,1,0,0,1,1,1,0,220,310,1540,1880
SUB1704,SITE004,171,1,24,65.2,90,0,1,0,0,0,1,1,0,140,80,1380,790
SUB1705,SITE004,1112,2,40,91,90,0,1,961,0,1,0,1,0,250,320,900,1010
SUB1706,SITE004,1030,3,37,66.1,100,0,1,854,0,1,0,1,0,280,375.4478,540,700
SUB1707,SITE004,739,3,42,93.5,90,0,1,0,0,1,0,1,0,250,220,1510,1320
SUB1708,SITE004,880,1,28,159.93936,90,0,1,0,1,1,0,1,1,702,275,3348,1775
SUB1709,SITE004,1042,1,49,56.42784,90,0,1,0,1,1,0,1,0,450,364,1152,686
SUB1710,SITE004,1024,0,34,75.13802,100,0,1,0,1,0,0,0,0,348,372,492,432
SUB1711,SITE004,929,1,31,85.14072,100,0,1,0,1,0,0,1,0,481,480,520,660
SUB1712,SITE004,1046,2,29,65.5,90,0,1,90,0,1,0,1,1,530,470,1100,710
SUB1713,SITE004,1064,3,24,81.1,90,0,1,7,1,0,0,1,0,420,300,620,610
SUB1714,SITE004,313,3,31,56.3,90,0,1,510,0,1,0,1,0,260,200,1140,940
SUB1715,SITE004,746,0,61,69.8,90,0,1,0,0,1,0,0,0,440,550,1120,1470
SUB1716,SITE004,826,1,33,101,90,0,1,106,0,1,0,1,0,400,310,860,720
SUB1717,SITE004,927,0,26,82.2,100,0,1,173,0,0,0,0,0,560,410,970,920
SUB1718,SITE004,1045,3,32,83.1,90,0,1,0,1,1,0,1,0,270,390,600,756
SUB1719,SITE004,1049,3,30,69.1,90,0,1,152,0,1,0,1,0,200,250,1736,1590
SUB1720,SITE004,1012,2,38,69.8,90,0,1,41,1,1,0,1,0,230,220,1690,1260
SUB1721,SITE004,978,3,46,86.2,100,0,1,0,0,1,0,1,0,440,824,530,586
SUB1722,SITE004,314,2,36,91.9,100,0,1,0,0,1,0,1,1,280,404,1305,1010
SUB1723,SITE004,1087,2,32,69.3,100,0,1,0,1,1,0,1,0,390,350,540,450
SUB1724,SITE004,886,0,25,103.5,90,0,1,508,0,1,1,0,1,280,300,850,1190
SUB1725,SITE004,1009,0,45,75.3,90,0,1,391,0,0,1,0,1,240,220,520,412
SUB1726,SITE004,1008,0,46,72.4,100,0,1,477,0,1,1,0,0,280,270,1590,1300
SUB1727,SITE004,1008,1,26,67.2,90,0,1,540,0,1,1,1,0,330,400,1530,1230
SUB1728,SITE004,1062,1,34,63.2,90,0,1,662,0,1,0,1,0,260,450,480,560
SUB1729,SITE004,1014,0,22,62.3,90,0,1,60,0,1,0,0,0,530,510,816,806
SUB1730,SITE004,477,1,32,84.8232,100,0,1,45,0,1,1,1,0,169,132,741,594
SUB1731,SITE005,980,0,23,67.8132,100,0,1,0,0,1,0,0,1,360,234,1134,780
SUB1732,SITE005,813,1,24,68.4936,100,0,1,0,0,1,1,1,1,406,384,672,612
SUB1733,SITE005,1035,0,32,76.8852,100,0,1,0,1,0,0,0,1,336,361,1632,1235
SUB1734,SITE005,990,1,33,74.1636,100,0,1,0,0,1,0,1,0,348,495,552,705
SUB1735,SITE005,927,3,35,96.3,90,0,1,6,0,1,0,1,0,130,150,400,390
SUB1736,SITE005,981,0,29,73.9,90,0,1,0,0,1,0,0,1,520,590,1070,880
SUB1737,SITE005,1027,3,30,76.3,90,0,1,0,1,1,1,1,0,170,270,330,460
SUB1738,SITE005,963,1,38,72.9,90,0,1,0,0,1,0,1,1,380,500,1116,1270
SUB1739,SITE005,986,3,23,82.1,90,0,1,616,1,0,0,1,1,380,570,1080,1150
SUB1740,SITE005,963,3,24,71.3,90,0,1,0,1,1,0,1,0,500,520,840,630
SUB1741,SITE005,936,2,48,85.4,90,0,1,0,0,1,0,1,0,420,430,515,360
SUB1742,SITE005,993,3,47,89.1,90,0,1,0,0,1,0,1,0,220,270,1020,1170
SUB1743,SITE005,911,2,30,60.8,90,0,1,0,1,1,0,1,1,390,360,640,480
SUB1744,SITE005,930,1,26,69,90,0,1,0,0,1,0,1,0,390,530,720,420
SUB1745,SITE005,720,2,32,97.9,90,0,1,0,1,1,1,1,0,250,320,1170,1040
SUB1746,SITE005,924,2,27,86.6,90,0,1,0,0,1,0,1,0,300,510,450,845
SUB1747,SITE005,905,0,32,81.5,90,0,1,0,1,1,0,0,1,320,310,870,762
SUB1748,SITE005,612,0,27,103.4208,90,0,1,0,0,1,0,0,0,143,140,858,994
SUB1749,SITE005,932,2,30,77.7924,100,0,1,0,0,1,0,1,1,391,315,640,825
SUB1750,SITE005,891,0,27,66.6,90,0,1,0,0,0,0,0,0,320,256,470,432
SUB1751,SITE005,919,1,25,53.1,90,0,1,0,0,1,0,1,1,220,380,480,570
SUB1752,SITE005,905,0,39,113.4,90,0,1,0,1,0,0,0,0,532,290,462,558
SUB1753,SITE005,904,3,40,68.7204,100,0,1,0,0,1,0,1,1,450,300,630,540
SUB1754,SITE005,964,2,32,64.4112,100,0,1,0,1,1,0,1,0,406,395,630,865
SUB1755,SITE005,583,0,46,84.8232,100,0,1,0,1,1,0,0,0,494,147,950,407
SUB1756,SITE005,958,3,32,67.1328,100,0,1,0,0,1,0,1,0,200,164,2720,2266
SUB1757,SITE005,957,1,22,57.1536,100,0,1,0,0,1,0,1,0,308,290,583,540
SUB1758,SITE005,888,2,36,61.6896,90,0,1,0,1,1,0,1,1,416,270,1326,690
SUB1759,SITE005,927,3,39,77.5656,100,0,1,162,1,0,0,1,0,221,336,1055,1348
SUB1760,SITE005,691,3,35,112.7196,90,0,1,953,0,1,0,1,0,290,250,930,670
SUB1761,SITE005,1028,2,41,92.3076,90,1,1,996,0,1,0,1,1,220,200,990,730
SUB1762,SITE005,1083,0,36,93.8952,100,1,1,862,1,1,0,0,0,270,260,1040,1020
SUB1763,SITE005,1081,2,37,47.628,100,1,1,561,0,0,0,1,1,350,270,930,690
SUB1764,SITE005,631,3,53,107.5032,90,0,1,888,0,1,0,1,0,290,200,1060,1090
SUB1765,SITE005,993,1,32,65.3184,90,0,1,471,0,1,0,1,0,360,340,590,540
SUB1766,SITE005,1122,0,45,94.5756,100,0,1,372,1,1,1,0,0,310,450,1520,1450
SUB1767,SITE005,1122,3,41,86.184,100,0,1,371,1,0,0,1,0,310,400,1230,1150
SUB1768,SITE005,282,3,44,55.5,90,0,1,181,1,0,0,1,1,410,510,480,590
SUB1769,SITE005,331,0,44,79.38,90,0,1,14,0,1,0,0,1,300,240,2130,1970
SUB1770,SITE005,236,0,42,62.5,100,0,1,539,1,0,1,0,1,400,250,940,560
SUB1771,SITE005,755,2,30,78.83568,100,0,1,312,0,1,0,1,1,420,590,890,1080
SUB1772,SITE005,1087,1,40,80.5,100,0,1,751,0,1,0,1,0,480,440,2638,1510
SUB1773,SITE005,475,0,36,83.4624,100,0,1,655,0,1,0,0,1,240,200,540,710
SUB1774,SITE005,990,2,30,135.1728,90,0,1,30,0,1,1,1,1,220,220,1120,1250
SUB1775,SITE005,1017,1,33,83.0088,90,0,1,785,0,1,0,1,1,440,580,1000,960
SUB1776,SITE005,790,2,39,75.0708,100,0,1,449,1,1,0,1,1,300,230,920,740
SUB1777,SITE005,991,0,31,85.7304,90,0,1,504,0,1,0,0,0,350,410,410,620
SUB1778,SITE005,1081,1,40,70.0812,80,0,1,0,0,0,0,1,1,400,550,1250,1020
SUB1779,SITE005,388,3,42,76.2048,100,0,1,275,1,1,1,1,1,330,270,1650,1430
SUB1780,SITE005,1110,3,33,70.5348,80,0,1,762,0,0,0,1,0,440,500,1050,1040
SUB1781,SITE005,1098,2,29,92.5344,90,0,1,524,0,1,1,1,0,320,280,1360,940
SUB1782,SITE005,1108,1,40,93.6684,90,0,1,792,1,1,0,1,0,470,980,1510,1700
SUB1783,SITE005,1005,1,41,87.0912,90,0,1,310,0,1,1,1,0,300,360,560,590
SUB1784,SITE005,1097,1,45,68.2668,90,1,1,653,1,1,0,1,0,410,390,980,760
SUB1785,SITE005,1008,1,41,73.2564,90,0,1,777,0,1,0,1,1,280,210,920,1070
SUB1786,SITE005,1013,2,29,94.8024,90,0,1,0,1,1,0,1,0,280,350,980,810
SUB1787,SITE005,939,3,37,88.9056,80,0,1,629,0,1,0,1,0,260,200,2220,2050
SUB1788,SITE005,628,0,45,60.7824,80,0,1,743,0,0,0,0,1,310,150,880,510
SUB1789,SITE005,437,0,34,72.576,100,0,1,0,0,1,0,0,1,260,410,610,740
SUB1790,SITE005,1070,1,31,56.7,90,0,1,822,0,1,0,1,0,380,380,1220,1290
SUB1791,SITE005,143,0,27,64.77408,100,0,1,0,1,0,0,0,1,510,620,880,1180
SUB1792,SITE005,392,0,30,52.6176,90,0,1,2,0,1,1,0,1,320,400,2460,1840
SUB1793,SITE005,637,3,31,63.504,90,0,1,0,1,0,0,1,1,230,200,960,1030
SUB1794,SITE005,984,3,37,87.0912,100,0,1,6,0,1,0,1,1,450,460,970,690
SUB1795,SITE005,655,0,26,105.9156,90,0,1,0,0,1,0,0,1,270,210,3190,1730
SUB1796,SITE005,1038,1,40,76.2048,90,0,1,803,1,0,0,1,0,520,560,1210,1160
SUB1797,SITE005,1004,2,33,68.4936,100,0,1,0,0,1,0,1,1,190,260,830,890
SUB1798,SITE005,1003,3,45,76.8852,100,0,1,0,0,1,0,1,0,150,249,400,536
SUB1799,SITE005,991,3,32,96.1632,100,0,1,0,1,1,0,1,0,270,270,430,410
SUB1800,SITE005,383,3,27,65.3184,100,0,1,0,0,1,0,1,1,270,320,380,540
SUB1801,SITE005,899,2,37,66.6792,100,0,1,0,0,1,0,1,0,530,720,450,820
SUB1802,SITE005,1087,3,37,73.0296,100,0,1,1737,0,1,0,1,1,266,308,892,1016
SUB1803,SITE005,983,1,43,69.8544,100,0,1,1267,0,1,0,1,0,648,595,858,941
SUB1804,SITE005,894,3,28,58.5144,100,0,1,1016,1,1,0,1,0,549,475,875,591
SUB1805,SITE005,602,1,41,70.308,100,0,1,621,0,1,0,1,1,385,587,654,991
SUB1806,SITE005,1034,3,39,74.6172,100,0,1,1635,0,1,0,1,0,315,275,579,602
SUB1807,SITE005,1101,2,38,83.916,100,0,1,1089,0,1,0,1,1,363,246,1164,830
SUB1808,SITE005,999,1,53,69.8544,100,0,1,1108,0,1,0,1,0,554,573,1039,1827
SUB1809,SITE005,875,3,33,73.6,100,1,1,1080,0,1,0,1,0,422,501,739,981
SUB1810,SITE005,1088,2,36,86.184,100,1,1,575,0,1,0,1,0,337,278,618,482
SUB1811,SITE005,1062,3,32,86.6376,100,0,1,413,0,1,0,1,1,293,270,516,468
SUB1812,SITE005,478,0,41,78.0192,100,0,1,472,0,1,0,0,0,348,245,932,649
SUB1813,SITE005,1138,1,49,81.648,100,0,1,111,0,1,0,1,0,598,676,932,837
SUB1814,SITE005,759,0,40,83.916,100,0,1,353,0,1,0,0,0,225,212,651,769
SUB1815,SITE005,1066,2,31,78.9264,100,0,1,842,1,1,0,1,0,589,612,934,738
SUB1816,SITE005,797,2,39,63.0504,100,0,1,19,0,1,0,1,0,317,315,864,666
SUB1817,SITE005,1063,1,30,62.5968,90,0,1,566,1,1,1,1,0,163,174,497,485
SUB1818,SITE005,1117,2,46,78.0192,80,1,1,76,1,1,0,1,1,246,376,786,1088
SUB1819,SITE005,1056,1,35,72.576,100,0,1,28,0,1,1,1,0,211,341,586,1056
SUB1820,SITE005,709,0,28,77.112,100,0,1,0,1,0,0,0,0,386,521,671,597
SUB1821,SITE005,1088,1,44,66.6792,100,0,1,447,1,1,0,1,0,204,281,543,827
SUB1822,SITE005,984,2,26,75.7512,100,0,1,409,1,0,0,1,0,302,419,892,961
SUB1823,SITE005,1050,0,37,58.968,100,0,1,0,0,0,0,0,0,485,561,908,673
SUB1824,SITE005,645,0,30,48.0816,100,0,1,0,1,0,0,0,1,377,389,1113,1269
SUB1825,SITE005,477,0,29,72.2,90,0,1,517,1,0,1,0,0,297,232,1246,1196
SUB1826,SITE005,1038,2,37,105,100,0,1,0,0,1,0,1,1,242,283,1560,1869
SUB1827,SITE005,984,2,25,56.2464,100,0,1,0,1,1,0,1,0,434,633,493,544
SUB1828,SITE005,1002,0,19,74.844,100,0,1,0,1,1,0,0,0,503,452,429,480
SUB1829,SITE005,1023,3,27,60.4,100,0,1,0,1,0,0,1,0,511,329,1171,846
SUB1830,SITE005,1007,3,27,53.9784,95,0,1,816,1,0,0,1,0,237,312,1120,920
SUB1831,SITE005,308,3,48,73.2564,100,0,1,0,0,1,0,1,0,481,300,525,390
SUB1832,SITE005,976,3,41,104,100,0,1,1320,0,1,0,1,0,528,500,607,695
SUB1833,SITE005,1120,0,28,88.6,100,0,1,0,1,0,0,0,0,532,616,745,713
SUB1834,SITE005,1087,2,30,73.8,100,0,1,0,1,0,0,1,0,539,660,623,682
SUB1835,SITE005,1053,3,42,56.2,90,0,1,0,1,0,0,1,0,558,406,586,714
SUB1836,SITE005,984,0,20,72,100,0,1,539,1,1,0,0,1,215,249,439,389
SUB1837,SITE005,1001,2,29,86.6376,90,0,1,939,0,1,0,1,1,223,338,892,1206
SUB1838,SITE005,308,1,33,120.6576,100,0,1,0,1,1,0,1,0,429,242,1180,1497
SUB1839,SITE005,890,0,34,70.308,100,0,1,124,1,1,0,0,0,390,527,1239,1635
SUB1840,SITE005,1028,1,52,61.236,90,0,1,933,0,1,1,1,0,319,410,1596,1382
SUB1841,SITE005,962,0,32,66.6792,90,0,1,267,1,1,0,0,1,214,325,816,1146
SUB1842,SITE005,404,2,30,73.9368,100,0,1,0,1,1,0,1,1,263,262,998,1273
SUB1843,SITE005,1054,3,28,98.8848,90,0,1,219,1,1,0,1,0,459,504,1355,774
SUB1844,SITE005,406,0,41,66.2256,90,0,1,1102,0,1,0,0,1,248,259,874,1102
SUB1845,SITE005,1019,3,19,54.432,100,0,1,0,1,0,0,1,0,374,450,590,519
SUB1846,SITE005,448,2,57,50.8032,90,0,1,0,1,1,0,1,1,399,329,694,878
SUB1847,SITE005,913,1,42,68.04,100,0,1,0,1,1,0,1,0,426,559,1520,1083
SUB1848,SITE005,1019,0,28,68.2668,100,0,1,0,1,0,0,0,0,771,605,2257,2347
SUB1849,SITE005,902,1,32,79.6068,100,0,1,213,1,0,0,1,0,230,355,308,330
SUB1850,SITE005,408,2,29,61.4628,100,0,1,0,1,1,0,1,1,437,484,1139,974
SUB1851,SITE005,927,3,48,72.1224,100,0,1,0,1,1,0,1,0,250,560,649,1348
SUB1852,SITE005,505,3,26,50.3496,100,0,1,0,1,1,0,1,1,250,189,720,655
SUB1853,SITE005,1015,2,30,92.0808,100,0,1,0,1,0,0,1,0,279,250,859,811
SUB1854,SITE005,918,2,33,43.00128,90,0,1,0,1,1,0,1,0,181,180,367,494
SUB1855,SITE005,729,1,29,63.9576,100,0,1,0,1,0,0,1,0,326,399,1378,951
SUB1856,SITE005,907,3,40,77.112,100,0,1,0,1,1,0,1,0,308,317,1441,1375
SUB1857,SITE005,417,1,37,81.648,100,0,1,0,1,0,0,1,1,198,332,301,443
SUB1858,SITE005,537,0,36,82.1016,100,0,1,0,1,1,0,0,1,378,204,572,231
SUB1859,SITE005,432,2,32,65.4,100,0,1,588,1,0,0,1,1,250,240,570,600
SUB1860,SITE005,1077,2,26,56.8,100,0,1,225,1,0,0,1,0,330,221,700,552
SUB1861,SITE005,257,0,32,48.62592,100,0,1,694,1,0,0,0,0,280,210,1190,760
SUB1862,SITE005,817,3,28,61.6896,100,0,1,290,1,0,0,1,0,380,440,840,1470
SUB1863,SITE005,1030,1,28,50.3496,100,0,1,672,1,0,0,1,0,310,168,997,516
SUB1864,SITE005,485,0,34,72.576,100,0,1,0,1,1,0,0,1,370,380,1330,1270
SUB1865,SITE005,1011,2,33,68.4936,80,0,1,0,1,1,1,1,0,170,250,1140,1120
SUB1866,SITE005,989,3,27,52.70832,100,0,1,0,1,1,0,1,0,420,280,1800,1370
SUB1867,SITE005,318,2,38,59.8752,100,0,1,0,1,0,0,1,1,610,500,1350,1250
SUB1868,SITE005,492,3,39,67.1328,90,0,1,0,1,1,0,1,0,420,360,690,710
SUB1869,SITE005,986,1,43,79.8336,90,0,1,0,1,1,0,1,0,200,270,450,650
SUB1870,SITE005,986,0,27,63.86688,100,0,1,0,1,1,0,0,0,490,510,990,920
SUB1871,SITE005,986,2,39,73.9368,100,0,1,0,1,0,0,1,0,420,590,730,1050
SUB1872,SITE005,986,0,28,52.164,100,0,1,0,1,0,0,0,0,410,440,890,820
SUB1873,SITE005,261,1,31,68.9472,100,0,1,1033,0,0,1,1,1,266,496,740,1138
SUB1874,SITE005,1019,2,21,58.968,100,0,1,349,0,0,0,1,0,344,365,603,730
SUB1875,SITE005,1004,2,34,82.1016,100,0,1,0,1,0,0,1,0,539,523,1550,1212
SUB1876,SITE005,569,0,45,90.2664,100,0,1,0,0,1,0,0,1,307,559,863,1046
SUB1877,SITE005,990,0,27,70.7616,100,0,1,0,0,1,0,0,0,396,465,849,1008
SUB1878,SITE005,990,3,43,83.0088,100,0,1,0,1,1,0,1,0,282,499,1034,1082
SUB1879,SITE005,990,1,38,103.194,100,0,1,0,0,1,0,1,1,200,349,734,1175
SUB1880,SITE005,1086,0,38,63.7308,100,0,1,1647,0,1,0,0,0,456,269,765,477
SUB1881,SITE005,1084,3,36,70.7616,100,0,1,94,0,1,0,1,0,364,433,977,1066
SUB1882,SITE005,1081,0,35,76.4316,100,0,1,1495,1,1,0,0,0,538,315,706,655
SUB1883,SITE005,397,1,36,75.7512,100,0,1,691,0,1,0,1,1,349,755,925,1223
SUB1884,SITE005,1076,3,36,67.3596,100,0,1,675,0,1,0,1,0,232,402,277,425
SUB1885,SITE005,1082,1,43,94.8024,100,0,1,396,0,1,0,1,0,446,410,1868,1404
SUB1886,SITE005,1018,0,29,80.5,100,0,1,0,0,1,0,0,0,450,413,978,826
SUB1887,SITE005,305,2,34,73.4832,100,0,1,1011,0,1,0,1,1,350,417,865,527
SUB1888,SITE005,1081,0,33,63.504,100,0,1,919,0,0,0,0,0,348,437,441,379
SUB1889,SITE005,1083,0,39,80.9676,100,0,1,327,0,1,0,0,0,424,409,524,460
SUB1890,SITE005,1033,3,28,70.7616,100,0,1,600,0,1,0,1,1,464,402,1170,728
SUB1891,SITE005,1033,2,33,73.0296,100,0,1,814,1,0,1,1,1,473,428,2451,2606
SUB1892,SITE005,1077,2,29,78.6996,100,0,1,723,0,1,0,1,0,270,228,1296,1057
SUB1893,SITE005,1085,2,42,70.5348,100,0,1,1057,0,1,0,1,0,289,266,1491,838
SUB1894,SITE005,158,3,30,67.1328,100,0,1,327,0,1,0,1,1,269,123,1613,651
SUB1895,SITE005,1032,1,40,69.8544,100,0,1,690,0,1,0,1,1,229,293,1038,653
SUB1896,SITE005,1033,1,33,74.844,100,0,1,595,0,1,0,1,1,364,460,655,712
SUB1897,SITE005,1032,2,51,68.04,100,0,1,389,1,1,0,1,1,202,274,529,392
SUB1898,SITE005,1032,0,44,77.5656,100,0,1,448,0,1,0,0,0,240,359,765,872
SUB1899,SITE005,269,2,41,83.4624,100,0,1,1174,0,0,0,1,1,232,182,901,682
SUB1900,SITE005,729,3,28,87.9984,100,0,1,832,0,0,0,1,0,316,336,700,890
SUB1901,SITE005,582,0,39,73.0296,100,0,1,0,1,1,0,0,1,254,193,606,734
SUB1902,SITE005,1046,3,35,89.3592,100,0,1,0,0,1,0,1,0,527,538,1156,1180
SUB1903,SITE005,316,2,63,86.6376,100,0,1,0,1,1,0,1,1,593,440,537,647
SUB1904,SITE005,1039,3,33,66.4524,100,0,1,0,1,0,0,1,0,310,372,800,1032
SUB1905,SITE005,1014,1,30,70.9884,100,0,1,0,0,1,0,1,0,300,484,1307,829
SUB1906,SITE005,1013,2,47,84.8,100,0,1,0,0,1,0,1,0,468,470,716,438
SUB1907,SITE005,1000,3,27,70.5348,100,0,1,0,0,1,0,1,0,252,358,1040,1348
SUB1908,SITE005,986,2,26,70.0812,100,0,1,0,0,1,0,1,0,340,513,875,984
SUB1909,SITE005,992,2,27,62.5968,90,0,1,0,1,0,0,1,0,647,486,988,638
SUB1910,SITE005,562,3,45,81.33048,90,0,1,629,0,1,0,1,1,205,193,1435,1256
SUB1911,SITE005,624,3,35,70.5,90,0,1,0,0,1,0,1,1,273,216,2263,1529
SUB1912,SITE005,1088,2,27,74.844,90,0,1,90,0,1,0,1,0,441,404,1415,1102
SUB1913,SITE005,1068,2,51,102.3,90,0,1,0,0,1,0,1,0,409,459,563,422
SUB1914,SITE005,314,0,25,58.7,70,0,1,0,0,1,0,0,1,155,174,1041,857
SUB1915,SITE005,978,2,54,75.13802,100,0,1,0,0,0,1,1,0,418,323,1426,1083
SUB1916,SITE005,231,0,28,83.0088,90,0,1,0,0,1,0,0,1,304,251,1040,1317
SUB1917,SITE005,974,0,40,70.4,90,0,1,0,0,1,0,0,1,238,248,666,690
SUB1918,SITE005,1041,3,60,65.8,90,0,1,0,0,1,0,1,0,326,283,405,557
SUB1919,SITE005,806,2,32,64.1844,90,0,1,0,0,1,0,1,0,573,466,764,583
SUB1920,SITE005,939,1,41,63.5,90,0,1,0,0,1,0,1,1,375,955,1774,1910
SUB1921,SITE005,904,3,33,75.5,90,0,1,0,0,1,0,1,1,112,348,291,541
SUB1922,SITE005,797,0,39,74.43576,90,0,1,0,0,1,0,0,1,406,551,624,992
SUB1923,SITE005,896,3,31,72.8,90,0,1,0,0,0,0,1,1,314,615,572,846
SUB1924,SITE005,1006,2,34,66.4,100,0,1,0,1,1,1,1,0,307,344,970,935
SUB1925,SITE005,1032,0,33,74.4,90,0,1,0,0,1,0,0,0,212,369,575,1574
SUB1926,SITE005,1007,3,36,77,100,0,1,0,0,1,1,1,1,232,449,986,1853
SUB1927,SITE005,855,1,32,84.1,90,0,1,0,0,1,0,1,1,553,515,2029,1803
SUB1928,SITE005,989,1,28,67.6,90,0,1,0,0,1,0,1,0,378,457,972,1054
SUB1929,SITE005,886,0,32,78.0192,90,0,1,0,0,1,0,0,1,274,279,712,750
SUB1930,SITE005,989,3,28,88.9,90,0,1,0,0,1,0,1,0,322,251,1041,529
SUB1931,SITE005,844,0,31,71.8,90,0,1,0,0,1,0,0,0,461,485,1318,1617
SUB1932,SITE005,225,2,30,36.78696,90,0,1,0,0,1,0,1,1,222,189,666,544
SUB1933,SITE005,613,3,47,69.5,90,0,1,492,0,1,0,1,1,350,271,1440,942
SUB1934,SITE005,738,0,40,85.5,100,0,1,217,1,1,1,0,0,430,440,1260,1480
SUB1935,SITE005,287,2,28,61,100,0,1,0,1,1,0,1,1,360,300,410,400
SUB1936,SITE005,993,1,35,55.5,90,0,1,0,1,0,1,1,1,300,240,790,520
SUB1937,SITE005,1053,3,27,96.1,100,0,1,0,1,1,0,1,0,590,840,1330,1300
SUB1938,SITE005,392,0,28,73.5,100,0,1,0,1,0,0,0,1,381,340,4255,2690
SUB1939,SITE005,1048,1,39,83.9,100,0,1,0,0,1,0,1,0,370,460,630,490
SUB1940,SITE005,220,0,37,72.5,100,0,1,852,0,0,0,0,1,390,190,2840,1980
SUB1941,SITE005,1012,0,36,69.5,100,0,1,0,1,1,0,0,0,190,300,340,510
SUB1942,SITE005,1045,2,33,67.4,100,0,1,0,0,1,0,1,0,422,320,1040,690
SUB1943,SITE005,412,1,30,75.9,100,0,1,0,0,1,0,1,1,580,343,950,874
SUB1944,SITE005,306,0,39,112.5,100,0,1,383,1,0,1,0,1,360,320,550,590
SUB1945,SITE005,894,1,45,78,100,0,1,0,1,1,0,1,1,380,326,490,535
SUB1946,SITE005,963,2,37,87,100,0,1,0,0,1,0,1,1,480,550,1550,1910
SUB1947,SITE005,874,0,39,71.3,100,0,1,0,1,1,0,0,1,490,430,1030,1040
SUB1948,SITE005,1010,3,21,77,100,0,1,0,1,1,1,1,0,410,420,1270,1430
SUB1949,SITE005,1014,1,36,57.5,90,0,1,0,1,1,0,1,0,160,220,1390,980
SUB1950,SITE005,1010,1,42,49.5,100,0,1,0,0,1,0,1,0,260,550,1340,1280
SUB1951,SITE005,1011,2,35,64.2,100,0,1,0,0,1,1,1,0,260,500,1010,1590
SUB1952,SITE005,741,3,31,45,100,0,1,0,1,0,0,1,1,530,420,1210,1030
SUB1953,SITE005,229,0,45,84.3,100,0,1,0,0,1,0,0,1,420,400,1110,1070
SUB1954,SITE005,423,1,31,80.5,100,0,1,0,1,1,0,1,0,170,160,570,350
SUB1955,SITE005,986,3,37,89.7,100,0,1,0,0,1,0,1,0,390,290,1090,910
SUB1956,SITE005,813,3,29,54,100,0,1,1201,0,0,1,1,1,182,218,606,764
SUB1957,SITE005,1052,2,23,60.5,100,0,1,994,1,0,0,1,0,311,334,246,195
SUB1958,SITE005,134,3,51,55.3,80,0,1,129,0,0,1,1,1,277,381,768,1224
SUB1959,SITE005,221,0,29,64.2,100,0,1,0,1,1,1,0,1,175,109,905,876
SUB1960,SITE005,775,1,29,67.7,100,0,1,0,0,1,0,1,0,489,207,1050,519
SUB1961,SITE005,224,0,38,94.5,100,0,1,0,0,1,1,0,1,242,142,418,343
SUB1962,SITE005,224,3,39,63.1,100,0,1,0,1,1,1,1,1,247,169,364,266
SUB1963,SITE005,190,1,51,119.2968,100,0,1,0,0,1,0,1,1,231,194,492,605
SUB1964,SITE005,910,1,49,55.7,100,0,1,607,0,0,0,1,0,200,352,500,649
SUB1965,SITE005,301,2,38,84.91392,100,0,1,0,0,1,0,1,0,450,343,954,730
SUB1966,SITE005,1061,3,31,77.5656,100,0,1,0,1,1,0,1,0,432,432,846,882
SUB1967,SITE005,383,0,32,64.4112,100,0,1,863,0,0,0,0,1,234,189,225,294
SUB1968,SITE005,357,1,39,85.7304,100,0,1,0,1,1,0,1,1,550,248,594,574
SUB1969,SITE005,392,0,26,86.184,90,0,1,0,0,1,0,0,1,342,179,1098,650
SUB1970,SITE005,730,2,33,65,100,0,1,0,1,1,0,1,1,165,158,900,1000
SUB1971,SITE005,1048,3,51,68.4936,100,0,1,1034,0,0,0,1,0,297,303,504,450
SUB1972,SITE005,231,0,41,80.2872,100,0,1,0,1,1,0,0,0,300,219,795,564
SUB1973,SITE005,1042,2,41,60,100,0,1,343,0,0,0,1,0,324,275,588,506
SUB1974,SITE005,1041,3,43,62.5,100,0,1,0,0,1,0,1,0,252,357,252,238
SUB1975,SITE005,623,0,29,88.17984,100,0,1,0,1,1,1,0,1,378,530,864,545
SUB1976,SITE005,298,1,25,74.9,90,0,1,0,0,0,0,1,1,418,645,1064,1198
SUB1977,SITE005,1027,2,34,70.1,100,0,1,0,0,1,0,1,0,380,459,988,1201
SUB1978,SITE005,1020,3,40,87,100,0,1,0,0,1,0,1,0,412,707,804,1003
SUB1979,SITE005,182,0,27,90.08496,100,0,1,0,1,1,0,0,1,462,595,1034,938
SUB1980,SITE005,889,2,31,81.1944,100,0,1,516,0,0,0,1,0,403,670,689,882
SUB1981,SITE005,1014,1,30,71.3,100,0,1,0,0,0,0,1,0,520,673,772,1061
SUB1982,SITE005,1014,2,29,67.5864,100,0,1,0,1,1,0,1,0,429,440,759,653
SUB1983,SITE005,868,0,47,53.9784,100,0,1,0,0,0,0,0,0,534,403,675,446
SUB1984,SITE005,1005,3,35,85.7304,100,0,1,0,1,1,0,1,0,434,330,636,438
SUB1985,SITE005,875,2,27,70.7616,100,0,1,0,1,1,0,1,1,347,426,419,608
SUB1986,SITE005,997,0,31,76.11408,100,0,1,0,0,1,0,0,0,420,468,706,916
SUB1987,SITE005,990,1,27,72.5,100,0,1,0,1,1,0,1,0,328,418,218,220
SUB1988,SITE005,743,2,45,71.3,100,0,1,0,0,1,0,1,0,335,258,567,408
SUB1989,SITE005,1033,0,52,91.1736,90,0,1,0,1,0,0,0,0,238,260,792,730
SUB1990,SITE005,552,2,29,68.9,80,0,1,0,1,0,0,1,1,321,330,1606,830
SUB1991,SITE005,916,2,37,86.184,90,0,1,0,1,1,0,1,0,560,290,1780,910
SUB1992,SITE005,1018,1,32,63.6,90,0,1,719,0,0,0,1,0,340,240,570,330
SUB1993,SITE005,1014,3,40,78.9264,90,0,1,0,1,0,0,1,0,330,380,920,1010
SUB1994,SITE005,885,3,47,62.5968,90,0,1,385,0,0,0,1,1,110,80,230,140
SUB1995,SITE005,913,2,39,62.5968,90,0,1,269,0,0,0,1,1,280,180,440,200
SUB1996,SITE005,993,1,62,98.8848,90,0,1,0,0,1,0,1,0,430,380,1040,570
SUB1997,SITE005,957,1,34,72.1224,90,0,1,1035,0,0,0,1,0,350,810,720,1270
SUB1998,SITE005,491,0,40,62.5968,90,0,1,514,0,0,0,0,1,410,450,1760,3130
SUB1999,SITE005,678,3,36,83.916,70,0,1,0,1,1,1,1,1,300,310,550,560
SUB2000,SITE005,891,2,23,93.8952,90,0,1,0,1,0,0,1,1,400,510,730,860
SUB2001,SITE005,947,1,44,53.5248,90,0,1,101,0,0,0,1,0,310,340,1020,720
SUB2002,SITE005,158,0,43,59,90,0,1,0,1,0,0,0,1,290,420,870,990
SUB2003,SITE005,948,3,34,96.6168,90,0,1,0,0,1,0,1,0,420,470,1170,1540
SUB2004,SITE005,672,1,44,77.112,100,0,1,0,1,1,0,1,1,349,390,424,450
SUB2005,SITE005,310,0,39,72.3,90,0,1,986,0,1,0,0,1,319,323,839,857
SUB2006,SITE005,1154,2,21,68,100,0,1,0,0,1,1,1,0,417,426,659,564
SUB2007,SITE005,372,2,27,70.2,90,0,1,0,0,1,0,1,1,302,362,626,710
SUB2008,SITE005,474,0,29,62.5,90,0,1,221,0,1,1,0,1,406,314,649,487
SUB2009,SITE005,355,3,32,75,90,1,1,174,0,1,0,1,1,537,495,427,417
SUB2010,SITE005,644,1,38,74.1636,100,0,1,448,0,1,1,1,1,267,226,956,785
SUB2011,SITE005,1140,3,35,58.0608,100,0,1,333,0,1,0,1,1,369,325,906,1044
SUB2012,SITE005,1106,3,24,80.7408,100,0,1,872,1,0,0,1,1,271,222,829,838
SUB2013,SITE005,1106,1,22,52.75368,100,0,1,565,0,0,0,1,1,214,204,844,911
SUB2014,SITE005,1173,2,44,81.1944,100,0,1,411,0,1,0,1,0,477,454,1286,937
SUB2015,SITE005,1121,2,35,32.6592,100,0,1,553,0,1,1,1,1,265,434,434,993
SUB2016,SITE005,624,3,35,83.916,90,0,1,501,0,1,0,1,1,388,296,1143,971
SUB2017,SITE005,211,2,24,90,100,0,1,881,0,1,0,1,1,208,274,578,497
SUB2018,SITE005,133,0,30,57.834,90,0,1,865,0,1,0,0,1,239,53,532,279
SUB2019,SITE005,1143,1,35,75.13802,100,0,1,136,0,1,0,1,0,282,396,600,669
SUB2020,SITE005,1002,0,23,63.1,100,0,1,344,0,1,0,0,0,309,248,540,397
SUB2021,SITE005,427,0,20,77.112,100,0,1,0,0,1,0,0,0,248,334,413,484
SUB2022,SITE005,196,2,33,84.7,100,0,1,177,0,0,0,1,1,294,120,2418,1406
SUB2023,SITE005,1090,0,32,72.2,100,0,1,942,0,1,0,0,0,287,328,786,916
SUB2024,SITE005,490,2,23,63.9576,100,0,1,693,0,1,0,1,1,258,255,499,720
SUB2025,SITE005,1012,3,25,62.37,100,0,1,0,0,1,0,1,0,454,467,1483,985
SUB2026,SITE005,991,3,33,73.0296,100,0,1,0,0,1,0,1,0,371,504,1398,950
SUB2027,SITE005,1157,0,33,72.576,100,0,1,112,0,1,0,0,0,346,348,641,713
SUB2028,SITE005,1157,2,23,80.7408,100,0,1,843,0,1,0,1,0,524,492,690,812
SUB2029,SITE005,1095,2,62,81.648,100,0,1,0,0,1,0,1,1,334,277,1070,932
SUB2030,SITE005,148,2,19,77.88312,90,0,1,788,0,1,0,1,1,315,237,1241,533
SUB2031,SITE005,133,2,42,60.01128,90,0,1,1192,0,1,0,1,1,320,324,815,756
SUB2032,SITE005,1140,3,30,92.5344,100,0,1,235,0,1,0,1,0,300,324,1047,730
SUB2033,SITE005,580,3,28,108.4104,100,0,1,0,0,1,0,1,1,550,458,1377,1194
SUB2034,SITE005,1140,1,19,70.308,100,0,1,667,0,1,0,1,0,410,510,913,796
SUB2035,SITE005,1133,0,28,114.7608,100,0,1,0,0,1,0,0,0,396,318,990,801
SUB2036,SITE005,1119,0,54,93.2148,100,0,1,0,0,1,0,0,0,400,340,333,305
SUB2037,SITE005,567,3,48,81.1944,100,0,1,0,1,1,0,1,1,461,294,177,220
SUB2038,SITE005,1105,2,44,82.1016,100,0,1,918,0,1,0,1,0,534,360,383,270
SUB2039,SITE005,1087,2,24,49.896,100,0,1,819,1,1,0,1,0,190,260,950,1010
SUB2040,SITE005,1087,3,35,54.2052,100,0,1,610,1,1,0,1,0,290,300,1200,960
SUB2041,SITE005,1077,1,35,54.8856,100,0,1,833,1,1,0,1,0,470,550,950,920
SUB2042,SITE005,898,1,23,66.906,100,0,1,0,1,1,0,1,1,194,264,550,779
SUB2043,SITE005,314,0,35,56.8,100,0,1,805,1,1,0,0,0,276,150,1279,805
SUB2044,SITE005,1151,3,32,74.3,100,0,1,156,0,1,0,1,0,324,426,315,405
SUB2045,SITE005,413,0,28,72.03168,100,1,1,88,0,1,0,0,1,348,279,528,450
SUB2046,SITE005,1145,2,35,75.2976,100,0,1,0,0,1,0,1,0,439,432,760,702
SUB2047,SITE005,1129,2,30,83.82528,100,0,1,0,0,1,0,1,0,248,276,538,444
SUB2048,SITE005,484,0,37,92,100,0,1,0,0,1,0,0,0,214,308,1000,1026
SUB2049,SITE005,781,0,32,65.95344,90,0,1,421,0,1,0,0,0,416,325,816,598
SUB2050,SITE005,1115,1,21,62.86896,100,0,1,181,0,1,0,1,0,229,139,1041,662
SUB2051,SITE005,701,1,24,89.8128,100,0,1,0,1,1,0,1,0,322,315,1612,1496
SUB2052,SITE005,1101,3,35,41.4,100,0,1,0,1,1,0,1,0,301,390,314,457
SUB2053,SITE005,265,2,35,62.86896,100,0,1,366,0,1,0,1,1,445,286,810,678
SUB2054,SITE005,1056,0,31,81.8,100,0,1,0,0,1,0,0,0,532,449,1719,657
SUB2055,SITE005,425,0,21,80.514,100,0,1,160,0,1,0,0,0,300,273,438,701
SUB2056,SITE005,1088,3,25,80.2872,100,0,1,852,0,1,0,1,0,306,417,384,395
SUB2057,SITE005,588,3,28,76.8852,90,0,1,524,1,1,0,1,1,305,286,1119,778
SUB2058,SITE005,109,3,33,115.53192,100,0,1,0,1,1,0,1,1,424,424,2404,1013
SUB2059,SITE005,1088,1,32,70.2,100,0,1,1417,0,1,0,1,0,313,307,2784,1794
SUB2060,SITE005,910,3,42,74.844,90,0,1,1983,0,1,0,1,0,224,280,548,746
SUB2061,SITE005,923,2,52,80.2872,100,0,1,816,0,1,0,1,0,186,231,568,657
SUB2062,SITE005,1069,2,44,80.0604,90,0,1,723,1,1,0,1,0,324,238,1617,1146
SUB2063,SITE005,1082,3,35,41.0508,100,0,1,0,0,1,0,1,0,516,734,1081,1403
SUB2064,SITE005,699,1,20,71.9,100,0,1,0,0,1,0,1,0,290,176,841,897
SUB2065,SITE005,999,0,35,80.514,100,0,1,0,1,1,0,0,0,490,403,1151,1008
SUB2066,SITE005,993,0,21,64.4,100,0,1,667,0,1,0,0,0,579,504,1116,1197
SUB2067,SITE005,1092,3,38,85.4,100,0,1,694,0,1,0,1,0,290,285,570,365
SUB2068,SITE005,1145,1,40,86.4108,100,0,1,715,0,1,0,1,0,296,368,395,451
SUB2069,SITE005,1140,0,27,60.3288,100,0,1,928,0,1,0,0,0,448,424,3046,2798
SUB2070,SITE005,1147,1,35,53.1,100,0,1,902,0,1,0,1,0,328,826,712,1582
SUB2071,SITE005,1144,3,27,60.6,100,0,1,800,0,1,0,1,0,230,265,755,530
SUB2072,SITE005,506,0,28,68.2,100,0,1,832,0,1,0,0,0,278,176,324,218
SUB2073,SITE005,324,1,35,75.13802,100,0,1,2500,0,1,0,1,1,187,116,176,124
SUB2074,SITE005,739,3,35,64.3,100,0,1,387,1,1,0,1,1,383,281,1043,1251
SUB2075,SITE005,959,1,30,73.0296,100,0,1,264,0,1,0,1,1,718,596,491,398
SUB2076,SITE005,1089,2,24,83,100,0,1,625,0,1,0,1,0,452,559,733,875
SUB2077,SITE005,757,2,35,46.8,90,0,1,481,0,1,0,1,1,311,172,699,508
SUB2078,SITE005,414,0,21,75.4,100,0,1,192,1,1,0,0,0,190,148,1045,1252
SUB2079,SITE005,1088,1,35,41,100,0,1,626,0,1,0,1,0,458,453,1861,1841
SUB2080,SITE005,1088,2,35,60,100,0,1,844,0,1,1,1,0,440,323,451,323
SUB2081,SITE005,1088,0,21,93.6,100,0,1,925,1,1,0,0,0,628,398,1167,906
SUB2082,SITE005,1018,2,35,73.2,90,0,1,916,0,1,0,1,0,519,307,1016,722
SUB2083,SITE005,636,3,24,66.4,100,0,1,735,0,1,0,1,0,359,253,745,591
SUB2084,SITE005,1143,3,27,58.0608,90,0,1,41,1,1,0,1,0,353,434,680,1086
SUB2085,SITE005,1016,2,31,82.3284,100,0,1,459,0,1,0,1,0,323,373,1394,1021
SUB2086,SITE005,601,0,40,85.7304,100,0,1,0,0,1,0,0,1,428,473,643,663
SUB2087,SITE005,596,3,27,94.5756,90,1,1,481,0,1,0,1,1,323,199,1714,1360
SUB2088,SITE005,696,2,50,97.9776,100,0,1,214,0,1,1,1,1,281,282,1176,873
SUB2089,SITE005,400,0,35,48.5352,100,0,1,0,0,1,1,0,1,283,271,457,767
SUB2090,SITE005,987,1,32,53.7516,90,0,1,56,0,1,0,1,0,383,520,405,560
SUB2091,SITE005,717,3,36,76.6584,100,0,1,905,0,1,0,1,1,265,248,967,1080
SUB2092,SITE005,795,2,25,81.1944,80,0,1,366,1,1,0,1,1,196,137,517,355
SUB2093,SITE005,1114,2,47,60.64632,90,0,1,845,0,1,0,1,0,142,243,891,927
SUB2094,SITE005,1109,1,35,75.7512,100,0,1,638,0,1,0,1,0,148,173,781,571
SUB2095,SITE005,408,0,23,57.6072,100,0,1,119,0,1,0,0,1,122,96,875,840
SUB2096,SITE005,1007,1,22,60.23808,90,0,1,796,1,1,0,1,0,225,382,2387,1444
SUB2097,SITE005,1096,3,29,79.38,100,0,1,635,1,1,0,1,0,348,308,1501,1044
SUB2098,SITE005,1021,3,41,56.2464,90,0,1,1775,0,1,0,1,0,470,377,1716,1115
SUB2099,SITE005,597,2,25,73.4832,90,0,1,683,0,1,0,1,1,380,348,1360,1012
SUB2100,SITE005,1089,1,30,51.7104,90,0,1,858,0,1,1,1,0,226,300,519,500
SUB2101,SITE005,658,1,20,55.3392,100,0,1,629,0,1,0,1,1,386,406,593,725
SUB2102,SITE005,868,2,32,61.9164,100,0,1,0,0,1,0,1,0,646,613,463,546
SUB2103,SITE005,1004,0,35,48.3084,100,0,1,0,0,1,0,0,0,481,428,1129,1240
SUB2104,SITE005,795,3,29,57.2,100,0,1,108,0,0,0,1,0,230,323,546,685
SUB2105,SITE005,1043,0,48,77.2,100,0,1,774,0,1,0,0,1,360,384,351,374
SUB2106,SITE005,1154,1,37,82.7,100,0,1,745,0,1,0,1,0,358,481,1150,927
SUB2107,SITE005,1144,2,27,64.5,100,0,1,453,0,1,0,1,0,316,465,1517,1182
SUB2108,SITE005,1132,2,23,74.5,100,0,1,100,1,1,0,1,0,255,198,600,530
SUB2109,SITE005,636,1,35,80.4,100,0,1,963,0,1,1,1,1,322,538,919,1355
SUB2110,SITE005,487,3,47,84,90,0,1,205,0,1,0,1,1,128,488,370,1343
SUB2111,SITE005,841,1,38,82.7,80,0,1,731,0,1,0,1,1,260,365,818,963
SUB2112,SITE005,1156,3,25,78.5,100,0,1,490,0,1,0,1,0,202,327,694,1015
SUB2113,SITE005,1156,2,35,57.8,100,0,1,888,0,1,0,1,0,395,529,426,572
SUB2114,SITE005,263,0,22,85.9,100,0,1,530,0,1,0,0,1,242,293,465,536
SUB2115,SITE005,1152,3,27,85.8,100,0,1,0,0,1,0,1,0,176,221,960,1372
SUB2116,SITE005,150,2,35,77,100,0,1,488,0,1,0,1,1,294,467,910,918
SUB2117,SITE005,1124,3,23,66.2,100,0,1,1327,0,1,0,1,0,266,342,577,535
SUB2118,SITE005,826,0,22,99.6,100,0,1,0,0,1,0,0,0,478,528,632,783
SUB2119,SITE005,1081,0,33,73,100,0,1,868,1,1,1,0,1,190,344,713,1312
SUB2120,SITE005,1083,1,41,55,90,0,1,866,0,1,0,1,0,429,521,2508,1463
SUB2121,SITE005,664,1,36,60,90,0,1,0,0,1,0,1,0,739,418,795,603
SUB2122,SITE005,1097,0,24,71,100,0,1,334,0,1,0,0,1,364,475,770,802
SUB2123,SITE005,1146,3,23,70.9,90,0,1,1181,0,1,0,1,0,434,211,1018,806
SUB2124,SITE005,878,0,21,52.3,90,0,1,24,0,1,0,0,0,415,181,949,666
SUB2125,SITE005,1146,3,25,70.5,90,0,1,26,0,1,0,1,0,550,710,5011,6035
SUB2126,SITE005,811,2,26,55,100,0,1,378,0,0,1,1,0,233,245,1209,1126
SUB2127,SITE005,889,2,35,55,90,0,1,791,1,1,0,1,0,198,199,954,811
SUB2128,SITE005,1069,2,24,66,90,0,1,769,0,1,0,1,0,312,422,352,443
SUB2129,SITE005,1101,3,25,65,90,0,1,754,0,1,0,1,0,252,241,672,421
SUB2130,SITE005,588,0,35,63,100,0,1,753,0,1,0,0,0,299,214,546,471
SUB2131,SITE005,1087,2,25,78,100,0,1,905,0,1,0,1,0,468,594,636,554
SUB2132,SITE005,948,1,20,72.4,100,0,1,0,0,0,0,1,1,483,641,1728,1504
SUB2133,SITE005,413,3,27,80.2872,70,0,1,2078,0,1,0,1,1,321,222,910,1009
SUB2134,SITE005,1041,2,39,64.8648,90,0,1,1042,0,1,0,1,1,378,401,504,367
SUB2135,SITE005,1091,3,21,53.298,100,0,1,842,0,1,0,1,1,152,109,561,720
SUB2136,SITE005,395,0,35,102.9672,100,0,1,417,1,1,0,0,1,373,218,1759,1030
SUB2137,SITE005,1104,2,53,69.8544,90,0,1,753,1,1,0,1,0,419,364,1391,1041
SUB2138,SITE005,465,0,35,60,100,0,1,0,0,1,0,0,0,166,169,999,1838
SUB2139,SITE005,1045,3,45,77.3,100,0,1,0,0,1,0,1,0,911,930,885,526
